岸本悠希,100殺島,01,dmm,20220820,
萩原一至,BASTARD!!,01,kindle,20220704,
萩原一至,BASTARD!!,02,kindle,20220704,
萩原一至,BASTARD!!,03,kindle,20160430,
萩原一至,BASTARD!!,04,kindle,20180228,
萩原一至,BASTARD!!,05,kindle,20180228,
池本幹雄,BORUTO,01,kindle,20210223,
池本幹雄,BORUTO,02,kindle,20210223,
池本幹雄,BORUTO,03,kindle,20210223,
池本幹雄,BORUTO,04,kindle,20210223,
池本幹雄,BORUTO,05,kindle,20210223,
池本幹雄,BORUTO,06,kindle,20210223,
真島ヒロ,EDENS-ZERO,18,dmm,20211117,
東まゆみ,EREMENTAR-GERAD,01,dmm,20220919,
東まゆみ,EREMENTAR-GERAD,02,dmm,20220919,
東まゆみ,EREMENTAR-GERAD,03,dmm,20220919,
東まゆみ,EREMENTAR-GERAD,04,dmm,20220919,
東まゆみ,EREMENTAR-GERAD,05,dmm,20220919,
赤坂一夫,EROSサバイバル,06,dmm,20220722,
赤坂一夫,EROSサバイバル,07,dmm,20220722,
赤坂一夫,EROSサバイバル,08,dmm,20220722,
赤坂一夫,EROSサバイバル,09,dmm,20220722,
赤坂一夫,EROSサバイバル,10,dmm,20220722,
赤坂一夫,EROSサバイバル,11,dmm,20220722,
赤坂一夫,EROSサバイバル,12,dmm,20220722,
赤坂一夫,EROSサバイバル,13,dmm,20220722,
赤坂一夫,EROSサバイバル,14,kindle,20210418,
赤坂一夫,EROSサバイバル,15,kindle,20210504,
赤坂一夫,EROSサバイバル,16,dmm,20211001,
赤坂一夫,EROSサバイバル,17,dmm,20211001,
赤坂一夫,EROSサバイバル,18,dmm,20220419,
赤坂一夫,EROSサバイバル,19,dmm,20220920,
カワグチタケシ,Fate-Grand-Order,01,dmm,20220916,
カワグチタケシ,Fate-Grand-Order,02,dmm,20220916,
タスクオーナ,Fate-stay-night-Heaven-s-Feel,01,kindle,20203030,
タスクオーナ,Fate-stay-night-Heaven-s-Feel,09,dmm,20220425,
奥浩哉,GANTZ-カラー版,01,kindle,20161121,
奥浩哉,GANTZ-カラー版,02,kindle,20161122,
流石景,GE,01,dmm,20220826,
流石景,GE,02,dmm,20220826,
流石景,GE,03,dmm,20220826,
李惠成,JKからやり直すシルバープラン,01,dmm,20220901,
岸本斉史,NARUTO-カラー版,01,kindle,20210223,
岸本斉史,NARUTO-カラー版,02,kindle,20210223,
岸本斉史,NARUTO-カラー版,03,kindle,20210223,
岸本斉史,NARUTO-カラー版,04,kindle,20210223,
岸本斉史,NARUTO-カラー版,05,kindle,20210223,
尾田栄一郎,ONE-PIECE,092,kindle,20200209,
尾田栄一郎,ONE-PIECE,093,kindle,20200209,
尾田栄一郎,ONE-PIECE,094,kindle,20191101,
尾田栄一郎,ONE-PIECE,095,kindle,20200204,
尾田栄一郎,ONE-PIECE,096,kindle,20200502,
尾田栄一郎,ONE-PIECE,097,kindle,20201222,
尾田栄一郎,ONE-PIECE,098,kindle,20210304,
尾田栄一郎,ONE-PIECE,099,kindle,20210702,
尾田栄一郎,ONE-PIECE,100,kindle,20211223,
尾田栄一郎,ONE-PIECE,101,kindle,20220304,
尾田栄一郎,ONE-PIECE,102,kindle,20220502,
尾田栄一郎,ONE-PIECE,103,dmm,20220902,
尾田栄一郎,ONE-PIECE-カラー版,001,kindle,20170506,
尾田栄一郎,ONE-PIECE-カラー版,002,kindle,20170506,
尾田栄一郎,ONE-PIECE-カラー版,003,kindle,20170506,
尾田栄一郎,ONE-PIECE-カラー版,004,kindle,20170506,
尾田栄一郎,ONE-PIECE-カラー版,005,kindle,20170506,
尾田栄一郎,ONE-PIECE-カラー版,006,kindle,20170506,
尾田栄一郎,ONE-PIECE-カラー版,007,kindle,20170506,
尾田栄一郎,ONE-PIECE-カラー版,008,kindle,20170506,
尾田栄一郎,ONE-PIECE-カラー版,009,kindle,20170506,
尾田栄一郎,ONE-PIECE-カラー版,010,kindle,20170506,
尾田栄一郎,ONE-PIECE-カラー版,065,kindle,20200210,
尾田栄一郎,ONE-PIECE-カラー版,066,kindle,20200210,
尾田栄一郎,ONE-PIECE-カラー版,067,kindle,20200210,
尾田栄一郎,ONE-PIECE-カラー版,080,kindle,20180305,
尾田栄一郎,ONE-PIECE-カラー版,084,kindle,20191012,
尾田栄一郎,ONE-PIECE-カラー版,085,kindle,20191012,
尾田栄一郎,ONE-PIECE-カラー版,086,kindle,20191012,
尾田栄一郎,ONE-PIECE-カラー版,087,kindle,20201222,
加瀬大輝,Re-CREATORS,01,dmm,20220916,
加瀬大輝,Re-CREATORS,02,dmm,20220916,
遠藤達哉,SPY×FAMILY,01,dmm,20220901,
わらいなく,ZINGNIZE,01,dmm,20220913,
わらいなく,ZINGNIZE,02,dmm,20220913,
わらいなく,ZINGNIZE,03,dmm,20220913,
山田金鉄,あせとせっけん,01,dmm,20220901,
山田金鉄,あせとせっけん,02,dmm,20220901,
山田金鉄,あせとせっけん,03,dmm,20220901,
矢吹健太朗,あやかしトライアングル,10,dmm,20220902,
春輝,あらくさ忍法帖,01,kindle,20200317,
春輝,あらくさ忍法帖,02,kindle,20201209,
春輝,あらくさ忍法帖,03,kindle,20210219,
春輝,あらくさ忍法帖,04,dmm,20220223,
春輝,あらくさ忍法帖,05,dmm,20220427,
藤田和日郎,うしおととら,04,kindle,20210111,
藤田和日郎,うしおととら,05,kindle,20210111,
斐宮ふみ,おとなの防具屋さん,01,dmm,20220725,
赤坂アカ,かぐや様は告らせたい,03,kindle,20210422,
めいびい,かつて神だった獣たちへ,01,kindle,20180313,
藤田和日郎,からくりサーカス,04,kindle,20210111,
藤田和日郎,からくりサーカス,05,kindle,20210111,
叶恭弘,きるる-KILL-ME,01,dmm,20220904,
長谷見亮,くじ引き特賞：無双ハーレム権,01,kindle,20220721,
山本崇一朗,くノ一ツバキの胸の内,01,kindle,20210213,
吉岡公威,ぐらんぶる,01,dmm,20220110,
吉岡公威,ぐらんぶる,02,dmm,20220110,
吉岡公威,ぐらんぶる,03,dmm,20220110,
吉岡公威,ぐらんぶる,10,dmm,20210729,
吉岡公威,ぐらんぶる,17,dmm,20210805,
吉岡公威,ぐらんぶる,19,dmm,20220805,
榎本あかまる,この会社に好きな人がいます,01,dmm,20220929,
榎本あかまる,この会社に好きな人がいます,02,dmm,20220929,
榎本あかまる,この会社に好きな人がいます,03,dmm,20220929,
シンジョウタクヤ,さわらないで小手指くん,01,dmm,20210910,
シンジョウタクヤ,さわらないで小手指くん,02,dmm,20211209,
シンジョウタクヤ,さわらないで小手指くん,03,dmm,20220408,
シンジョウタクヤ,さわらないで小手指くん,04,dmm,20220809,
夕月優,すぐヌけるマリアちゃん,01,dmm,20220905,
Yoongonji,すばらしき新世界,01,dmm,20220217,
Yoongonji,すばらしき新世界,02,dmm,20220518,
ふなつかずき,すんどめ!!ミルキーウェイ-セミカラー版,01,kindle,20220615,
ふなつかずき,すんどめ!!ミルキーウェイ-セミカラー版,02,kindle,20220615,
ふなつかずき,すんどめ!!ミルキーウェイ-セミカラー版,03,kindle,20200223,
ふなつかずき,すんどめ!!ミルキーウェイ-セミカラー版,04,kindle,20200223,
ふなつかずき,すんどめ!!ミルキーウェイ-セミカラー版,05,kindle,20200224,
ふなつかずき,すんどめ!!ミルキーウェイ-セミカラー版,06,kindle,20200224,
ふなつかずき,すんどめ!!ミルキーウェイ-セミカラー版,07,kindle,20200303,
ふなつかずき,すんどめ!!ミルキーウェイ-セミカラー版,08,kindle,20200703,
ふなつかずき,すんどめ!!ミルキーウェイ-セミカラー版,09,kindle,20200703,
ふなつかずき,すんどめ!!ミルキーウェイ-セミカラー版,10,kindle,20220111,
かたやままこと,すんどめ自衛隊,01,kindle,20191201,
村山渉,それでも僕らはヤってない,01,kindle,20200504,
村山渉,それでも僕らはヤってない,02,kindle,20200504,
村山渉,それでも僕らはヤってない,03,kindle,20200504,
Noise,それは霊のしわざです,01,dmm,20211118,
浜田よしかづ,つぐもも,01,kindle,20200202,
浜田よしかづ,つぐもも,02,kindle,20200202,
浜田よしかづ,つぐもも,03,kindle,20200202,
浜田よしかづ,つぐもも,04,kindle,20200202,
浜田よしかづ,つぐもも,05,kindle,20200202,
神田ゆう,つぼみ斬魔剣,1,kindle,20210822,
神田ゆう,つぼみ斬魔剣,2,kindle,20210822,
吉岡公威,てんぷる,01,dmm,20210522,
吉岡公威,てんぷる,01,kindle,20210629,
吉岡公威,てんぷる,02,dmm,20210703,
吉岡公威,てんぷる,03,dmm,20210703,
吉岡公威,てんぷる,04,dmm,20210727,
吉岡公威,てんぷる,06,dmm,20211117,
吉岡公威,てんぷる,07,dmm,2022080,
まめおじたん,ぬきたし,01,dmm,20211230,
高遠るい,はぐれアイドル地獄変,01,kindle,20150420,
高遠るい,はぐれアイドル地獄変,02,kindle,20191201,
高遠るい,はぐれアイドル地獄変,03,kindle,20160918,
高遠るい,はぐれアイドル地獄変,04,kindle,20170119,
高遠るい,はぐれアイドル地獄変,05,dmm,20211001,
高遠るい,はぐれアイドル地獄変,06,dmm,20211001,
高遠るい,はぐれアイドル地獄変,07,kindle,20210404,
高遠るい,はぐれアイドル地獄変,14,dmm,20220809,
yoruhashi,はめつのおうこく,01,dmm,20220909,
岡田和人,ぱンすと。,01,kindle,20210124,
岡田和人,ぱンすと。,02,kindle,20210124,
山本崇一朗,ふだつきのキョーコちゃん,01,kindle,20210213,
山本崇一朗,ふだつきのキョーコちゃん,02,kindle,20210213,
山本崇一朗,ふだつきのキョーコちゃん,03,kindle,20210213,
石塚千尋,ふらいんぐうぃっち,01,kindle,20161205,
石塚千尋,ふらいんぐうぃっち,02,kindle,20191229,
瀬田青丸,ぶれいどぷれい,01,dmm,20220831,
瀬田青丸,ぶれいどぷれい,02,dmm,20220831,
瀬田青丸,ぶれいどぷれい,03,dmm,20220831,
瀬田青丸,ぶれいどぷれい,04,dmm,20220831,
瀬田青丸,ぶれいどぷれい,05,dmm,20220831,
保谷伸,まくむすび,01,kindle,20210714,
うずめ＆もこ,みだりにみだらな黒雪姫-online,01,kindel,20210614,
オニグンソウ,もののがたり,01,kindle,20180630,
オニグンソウ,もののがたり,02,kindle,20180630,
オニグンソウ,もののがたり,04,dmm,20220817,
オニグンソウ,もののがたり,05,dmm,20220817,
オニグンソウ,もののがたり,06,dmm,20220817,
オニグンソウ,もののがたり,07,kindle,20190711,
オニグンソウ,もののがたり,08,dmm,20220817,
オニグンソウ,もののがたり,09,kindle,20200210,
オニグンソウ,もののがたり,10,kindle,20190919,
オニグンソウ,もののがたり,11,kindle,20200519,
オニグンソウ,もののがたり,12,kindle,20210119,
オニグンソウ,もののがたり,13,dmm,20211119,
オニグンソウ,もののがたり,14,dmm,20220518,
須河篤志,ゆき姉ちゃんの官能ごっこ。,01,kindle,20211112,
須河篤志,ゆき姉ちゃんの官能ごっこ。,02,kindle,20220624,
ミウラタダヒロ,ゆらぎ荘の幽奈さん,04,kindle,20201206,
ミウラタダヒロ,ゆらぎ荘の幽奈さん,05,kindle,20201206,
内々けやき,よくわからないけれど異世界に転生していたようです,01,dmm,20220831,
内々けやき,よくわからないけれど異世界に転生していたようです,02,dmm,20220831,
内々けやき,よくわからないけれど異世界に転生していたようです,03,dmm,20220831,
コトヤマ,よふかしのうた,01,dmm,20220720,
コトヤマ,よふかしのうた,02,dmm,20220720,
コトヤマ,よふかしのうた,03,dmm,20220912,
コトヤマ,よふかしのうた,04,dmm,20220912,
和月伸宏,るろうに剣心,10,kindle,20210604,
和月伸宏,るろうに剣心,11,kindle,20210604,
和月伸宏,るろうに剣心,12,kindle,20210604,
和月伸宏,るろうに剣心,13,kindle,20210604,
和月伸宏,るろうに剣心,14,kindle,20210604,
和月伸宏,るろうに剣心,15,kindle,20210604,
和月伸宏,るろうに剣心,16,kindle,20210604,
和月伸宏,るろうに剣心,17,kindle,20210604,
和月伸宏,るろうに剣心,18,kindle,20210604,
堀博昭,わが闘争,01,kindle,20210210,
堀博昭,わが闘争,02,kindle,20210210,
堀博昭,わが闘争,03,kindle,20210210,
さとうしらたま,わたし、聖女じゃありませんから,01,dmm,20220909,
みかみてれん,わたしが恋人になれるわけないじゃん、ムリムリ！,01,kindle,20220804,
Jiho,アイドルたちの失楽園（フルカラー）,01,dmm,20220818,
田中克樹,インゴシマ-セミカラー版,01,kindle,20210529,
大暮維人,エア・ギア-UNLIMITED,01,kindle,20200630,
大暮維人,エア・ギア-UNLIMITED,02,kindle,20200630,
大暮維人,エア・ギア-UNLIMITED,03,kindle,20200630,
桃山ひなせ,エリスの聖杯,01,dmm,20220914,
薬味紅生姜,エロいスキルで異世界無双-THE-COMIC,01,dmm,20220817,
薬味紅生姜,エロいスキルで異世界無双-THE-COMIC,02,dmm,20220817,
北条司,エンジェル・ハート-2ndシーズン,01,kindle,20210220,
北条司,エンジェル・ハート-2ndシーズン,02,kindle,20210220,
北条司,エンジェル・ハート-2ndシーズン,03,kindle,20210220,
本名ワコウ,カイカンドウキ,01,kindle,20200511,
本名ワコウ,カイカンドウキ,02,kindle,20200511,
本名ワコウ,カイカンドウキ,03,kindle,20200708,
本名ワコウ,カイカンドウキ,04,kindle,20201013,
本名ワコウ,カイカンドウキ,05,kindle,20210112,
本名ワコウ,カイカンドウキ,05,kindle,20210317,
本名ワコウ,カイカンドウキ,07,dmm,20210519,
本名ワコウ,カイカンドウキ,08,dmm,20210903,
吉河美希,カッコウの許嫁,01,dmm,20220117,
吉河美希,カッコウの許嫁,02,dmm,20220518,
吉河美希,カッコウの許嫁,03,dmm,20220518,
吉河美希,カッコウの許嫁,04,dmm,20220518,
吉河美希,カッコウの許嫁,05,dmm,20220518,
吉河美希,カッコウの許嫁,06,dmm,20220722,
吉河美希,カッコウの許嫁,07,dmm,20220722,
吉河美希,カッコウの許嫁,08,dmm,20220722,
吉河美希,カッコウの許嫁,09,dmm,20220722,
吉河美希,カッコウの許嫁,10,dmm,20220722,
吉河美希,カッコウの許嫁,11,dmm,20220722,
吉河美希,カッコウの許嫁,12,dmm,20220722,
吉河美希,カッコウの許嫁,13,dmm,20220722,
柚木N',カレシがいるのに,01,dmm,20220731,
あずせ,カワイイ女の子を釣る方法,1,dmm,20220817,
あずせ,カワイイ女の子を釣る方法,2,dmm,20220817,
あずせ,カワイイ女の子を釣る方法,3,dmm,20220817,
色白好,ガイシューイッショク！,01,dmm,20220801,
色白好,ガイシューイッショク！,04,kindle,20210404,
原泰久,キングダム,01,kindle,20220711,
原泰久,キングダム,02,kindle,20220711,
原泰久,キングダム,03,kindle,20220711,
原泰久,キングダム,04,kindle,20220711,
原泰久,キングダム,05,kindle,20220711,
原泰久,キングダム,10,kindle,20191218,
原泰久,キングダム,11,kindle,20191218,
原泰久,キングダム,16,kindle,20191224,
原泰久,キングダム,25,kindle,20200114,
原泰久,キングダム,27,kindle,20200120,
原泰久,キングダム,28,kindle,20200120,
原泰久,キングダム,30,kindle,20200122,
原泰久,キングダム,32,kindle,20200122,
原泰久,キングダム,33,kindle,20150910,
原泰久,キングダム,49,kindle,20190711,
原泰久,キングダム,57,kindle,20200417,
原泰久,キングダム,58,kindle,20200717,
原泰久,キングダム,59,kindle,20201019,
原泰久,キングダム,60,kindle,20210119,
原泰久,キングダム,61,kindle,20210419,
原泰久,キングダム,62,kindle,20210716,
原泰久,キングダム,63,dmm,20211119,
原泰久,キングダム,64,dmm,20220218,
原泰久,キングダム,65,kindle,20220617,
原泰久,キングダム,66,dmm,202200916,
綿貫ろん,キングダムオブザＺ-特装版,01,kindle,20190710,
山本やみー,ギルティサークル,01,dmm,20210917,
山本やみー,ギルティサークル,02,dmm,20211209,
山本やみー,ギルティサークル,03,dmm,20220309,
山本やみー,ギルティサークル,04,dmm,20220609,
山本やみー,ギルティサークル,05,dmm,20220909,
金沢真之介,クノイチノイチ！,01,kindle,20170119,
金沢真之介,クノイチノイチ！,02,dmm,20211117,
金沢真之介,クノイチノイチ！,03,dmm,20211117,
金沢真之介,クノイチノイチ！,04,dmm,20211227,
金沢真之介,クノイチノイチ！,05,dmm,20211227,
金沢真之介,クノイチノイチ！ノ弐,02,dmm,20211227,
金沢真之介,クノイチノイチ！ノ弐,03,dmm,20211227,
金沢真之介,クノイチノイチ！ノ弐,04,dmm,20211226,
金沢真之介,クノイチノイチ！ノ弐,05,dmm,20211226,
四葉真,グランクレスト戦記,01,dmmf,20220804,
H9,ゴブリン王国に堕ちた女戦士,01,dmm,20220817,
野田サトル,ゴールデンカムイ,01,kindle,20220429,
野田サトル,ゴールデンカムイ,02,kindle,20220429,
野田サトル,ゴールデンカムイ,03,kindle,20220429,
野田サトル,ゴールデンカムイ,04,kindle,20220429,
野田サトル,ゴールデンカムイ,05,kindle,20220429,
野田サトル,ゴールデンカムイ,06,kindle,20220429,
野田サトル,ゴールデンカムイ,07,kindle,20220429,
野田サトル,ゴールデンカムイ,08,kindle,20220429,
野田サトル,ゴールデンカムイ,09,kindle,20220429,
野田サトル,ゴールデンカムイ,10,kindle,20220429,
野田サトル,ゴールデンカムイ,11,kindle,20220429,
野田サトル,ゴールデンカムイ,12,kindle,20220429,
野田サトル,ゴールデンカムイ,13,kindle,20220429,
野田サトル,ゴールデンカムイ,14,kindle,20220429,
野田サトル,ゴールデンカムイ,15,kindle,20220429,
野田サトル,ゴールデンカムイ,16,kindle,20220429,
野田サトル,ゴールデンカムイ,17,kindle,20220429,
野田サトル,ゴールデンカムイ,18,kindle,20220429,
野田サトル,ゴールデンカムイ,19,kindle,20220429,
野田サトル,ゴールデンカムイ,20,kindle,20220429,
野田サトル,ゴールデンカムイ,21,kindle,20220429,
野田サトル,ゴールデンカムイ,22,kindle,20220429,
野田サトル,ゴールデンカムイ,23,kindle,20220429,
野田サトル,ゴールデンカムイ,24,kindle,20220429,
野田サトル,ゴールデンカムイ,25,kindle,20220429,
野田サトル,ゴールデンカムイ,26,kindle,20220429,
野田サトル,ゴールデンカムイ,27,kindle,20220429,
野田サトル,ゴールデンカムイ,28,kindle,20220429,
刻夜セイゴ,サキュバス＆ヒットマン,01,dmm,20220921,
安藤優,ストライク・オア・ガター,02,kindle,20210422,
佐原玄清,セックス＆ダンジョン！！,08,dmm,20220906,
藤岡とき,セブンシスターズ,01,dmm,20220518,
春輝,センセ。,01,kindle,20210619,
春輝,センセ。,02,kindle,20210619,
九二枝,ダンジョンに出会いを求めるのは間違っているだろうか,01,dmm,20220714,
桃山ひなせ,ダンジョンに出会いを求めるのは間違っているだろうか-ファミリアクロニクル,01,dmm,20220714,
はいむらきよたか,ダンジョンに出会いを求めるのは間違っているだろうか-外伝-ソード・オラトリア,01,dmm,20220714,
龍幸伸,ダンダダン,01,dmm,20220118,
龍幸伸,ダンダダン,02,dmm,20220118,
龍幸伸,ダンダダン,03,kindle,20211223,
龍幸伸,ダンダダン,04,kindle,20220304,
龍幸伸,ダンダダン,05,dmm,20220502,
龍幸伸,ダンダダン,06,dmm,20220804,
FLIPFLOPs,ダーウィンズゲーム,04,kindle,20210515,
FLIPFLOPs,ダーウィンズゲーム,05,kindle,20210515,
FLIPFLOPs,ダーウィンズゲーム,06,kindle,20210515,
FLIPFLOPs,ダーウィンズゲーム,07,kindle,20210515,
FLIPFLOPs,ダーウィンズゲーム,08,kindle,20210515,
うめざわしゅん,ダーウィン事変,01,kindle,20220509,
藤本タツキ,チェンソーマン,02,kindle,20220714,
藤本タツキ,チェンソーマン-カラー版,01,kindle,20220714,
三宮宏太,テスラノート,02,dmm,20220708,
智弘カイ,デスティニーラバーズ,01,dmm,20220906,
智弘カイ,デスラバ,01,dmm,20220906,
智弘カイ,デスラバ,02,kindle,20190717,
佐藤ショウジ,トリアージX,01,kindle,20210226,
佐藤ショウジ,トリアージX,02,kindle,20210226,
佐藤ショウジ,トリアージX,03,kindle,20210226,
佐藤ショウジ,トリアージX,04,kindle,20210226,
佐藤ショウジ,トリアージX,05,kindle,20210226,
佐藤ショウジ,トリアージX,06,kindle,20210226,
佐藤ショウジ,トリアージX,07,kindle,20210226,
佐藤ショウジ,トリアージX,08,kindle,20210226,
佐藤ショウジ,トリアージX,12,kindle,20210226,
佐藤ショウジ,トリアージX,13,kindle,20210226,
佐藤ショウジ,トリアージX,15,kindle,20210226,
佐藤ショウジ,トリアージX,16,kindle,20210226,
奈央晃徳,トリニティセブン,01,kindle,20210226,
奈央晃徳,トリニティセブン,02,kindle,20210226,
奈央晃徳,トリニティセブン,03,kindle,20210226,
奈央晃徳,トリニティセブン,04,kindle,20210226,
奈央晃徳,トリニティセブン,05,kindle,20210226,
奈央晃徳,トリニティセブン,06,kindle,20210226,
奈央晃徳,トリニティセブン,07,kindle,20210226,
奈央晃徳,トリニティセブン,08,kindle,20210226,
奈央晃徳,トリニティセブン,15,kindle,20210227,
奈央晃徳,トリニティセブン,16,kindle,20210227,
奈央晃徳,トリニティセブン,17,kindle,20210227,
奈央晃徳,トリニティセブン,18,kindle,20210227,
奈央晃徳,トリニティセブン,20,kindle,20210226,
奈央晃徳,トリニティセブン,23,kindle,20210226,
奈央晃徳,トリニティセブン,24,kindle,20210226,
山本やみー,ドクザクラ,01,dmm,20220919,
山本やみー,ドクザクラ,02,dmm,20220919,
流石景,ドメスティックな彼女,01,dmm,20220826,
流石景,ドメスティックな彼女,02,dmm,20220826,
流石景,ドメスティックな彼女,03,dmm,20220826,
流石景,ドメスティックな彼女,09,kindle,20200203,
流石景,ドメスティックな彼女,10,kindle,20200202,
出口竜正,ドールガン,01,kindle,20210418,
出口竜正,ドールガン,02,kindle,20210418,
出口竜正,ドールガン,03,kindle,20210418,
きただりょうま,ド級編隊エグゼロス-セミカラー版,01,kindle,20210305,
きただりょうま,ド級編隊エグゼロス-セミカラー版,02,kindle,20210305,
本名ワコウ,ノ・ゾ・キ・ア・ナ-カラー版,01,kindle,20180209,
本名ワコウ,ノ・ゾ・キ・ア・ナ-カラー版,02,kindle,20180913,
本名ワコウ,ノ・ゾ・キ・ア・ナ-カラー版,03,kindle,20180914,
本名ワコウ,ハダカメラ,04,dmm,20210506,
本名ワコウ,ハダカメラ,05,dmm,20210506,
本名ワコウ,ハダカメラ,06,dmm,20210508,
本名ワコウ,ハダカメラ,07,dmm,20210508,
本名ワコウ,ハダカメラ,08,dmm,20210508,
本名ワコウ,ハダカメラ,09,dmm,20210508,
稲葉みのり,バツハレ,01,kindle,20220719,
岡本倫,パラレルパラダイス,01,dmm,20220929,
岡本倫,パラレルパラダイス,02,dmm,20220929,
岡本倫,パラレルパラダイス,03,dmm,20220929,
瀬尾公治,ヒットマン,01,kindle,20191218,
瀬尾公治,ヒットマン,02,kindle,20190809,
瀬尾公治,ヒットマン,03,kindle,20190809,
瀬尾公治,ヒットマン,04,kindle,20190823,
瀬尾公治,ヒットマン,05,kindle,20190918,
瀬尾公治,ヒットマン,07,kindle,20191217,
瀬尾公治,ヒットマン,08,kindle,20200317,
瀬尾公治,ヒットマン,09,kindle,20200515,
瀬尾公治,ヒットマン,10,kindle,20200717,
瀬尾公治,ヒットマン,11,kindle,20201019,
瀬尾公治,ヒットマン,12,kindle,20201217,
瀬尾公治,ヒットマン-特装版,06,kindle,20191017,
太田羊羹,ヒトクイ-origin-,01,dmm,20220719,
太田羊羹,ヒトクイ-origin-,02,dmm,20220719,
太田羊羹,ヒトクイ-origin-,03,dmm,20220719,
天空太一,フォトカノ-Memorial Pictures,01,kindle,20150920,
小畑健,プラチナエンド,03,kindle,20210208,
武田弘光,マケン姫っ！,01,kindle,20160721,
鯨川リョウ,マルセイ,01,kindle,20210112,
峰浪りょう,マルセイ！！,01,dmm,20220916,
峰浪りょう,マルセイ！！,02,dmm,20220916,
春輝,マンキツ-カラー版,01,kindle,20220802,
春輝,マンキツ-カラー版,02,kindle,20220802,
梧桐柾木,モネさんのマジメすぎるつき合い方-セミカラー版,01,dmm,20220904,
高橋慶太郎,ヨルムンガンド,01,dmm,20220831,
高橋慶太郎,ヨルムンガンド,02,dmm,20220831,
高橋慶太郎,ヨルムンガンド,03,dmm,20220831,
高橋脩,ラストギアス,01,kindle,20190717,
高橋脩,ラストギアス,02,kindle,20190717,
高橋脩,ラストギアス,03,kindle,20191106,
高橋脩,ラストギアス,04,kindle,20200804,
高橋脩,ラストギアス,05,kindle,20210305,
高橋脩,ラストギアス,06,kindle,20220208,
赤松健,ラブひな,01,kindle,20200809,
赤松健,ラブひな,02,kindle,20210224,
赤松健,ラブひな,03,kindle,20210224,
赤松健,ラブひな,04,kindle,20210224,
赤松健,ラブひな,05,kindle,20210224,
赤松健,ラブひな,06,kindle,20210224,
赤松健,ラブひな,07,kindle,20210224,
赤松健,ラブひな,08,kindle,20210224,
赤松健,ラブひな,09,kindle,20210224,
赤松健,ラブひな,10,kindle,20210224,
赤松健,ラブひな,11,kindle,20210224,
赤松健,ラブひな,12,kindle,20210224,
赤松健,ラブひな,13,kindle,20210224,
赤松健,ラブひな,14,kindle,20210224,
渡辺静,リアルアカウント,01,dmm,20220902,
渡辺静,リアルアカウント,02,dmm,20220902,
渡辺静,リアルアカウント,03,dmm,20220902,
笠原真樹,リビドーズ,01,kindle,20210121,
笠原真樹,リビドーズ,02,kindle,20210121,
工藤マコト,不器用な先輩｡,01,dmm,20220907,
河添太一,不徳のギルド,10,dmm,20220912,
河添太一,不徳のギルド,01,dmm,20220913,
河添太一,不徳のギルド,01,kindle,20210213,
河添太一,不徳のギルド,02,dmm,20220817,
河添太一,不徳のギルド,03,dmm,20220817,
河添太一,不徳のギルド,04,dmm,20220817,
河添太一,不徳のギルド,05,dmm,20220817,
河添太一,不徳のギルド,06,dmm,20220817,
河添太一,不徳のギルド,07,dmm,20220817,
河添太一,不徳のギルド,08,dmm,20220817,
河添太一,不徳のギルド,09,dmm,20220817,
内山敦司,世界か彼女か選べない,01,kindle,20200326,
内山敦司,世界か彼女か選べない,02,kindle,20200711,
春場ねぎ,五等分の花嫁-フルカラー版,01,kindle,20201020,
春場ねぎ,五等分の花嫁-フルカラー版,02,kindle,20201028,
春場ねぎ,五等分の花嫁-フルカラー版,03,kindle,20201031,
たみふる,付き合ってあげてもいいかな,01,dmm,20220823,
たみふる,付き合ってあげてもいいかな,02,dmm,20220823,
たみふる,付き合ってあげてもいいかな,03,dmm,20220823,
飯沼ゆうき,何もないけど空は青い,01,kindle,20210306,
飯沼ゆうき,何もないけど空は青い,02,kindle,20210306,
樋野友行,俺だけ入れる隠しダンジョン,01,dmm,20220727,
彭傑&奈栩,俺の現実は恋愛ゲーム？？,01,dmm,20220831,
彭傑＆奈栩,俺の現実は恋愛ゲーム？？,08,kindle,20200412,
彭傑＆奈栩,俺の現実は恋愛ゲーム？？,09,kindle,20200807,
彭傑＆奈栩,俺の現実は恋愛ゲーム？？,10,kindle,20201207,
彭傑＆奈栩,俺の現実は恋愛ゲーム？？,11,kindle,20210407,
黒飛ただし,健全美少女はシゴきたい！！,01,kindle,20220428,
堀越耕平,僕のヒーローアカデミア,01,dmm,20221002,
堀越耕平,僕のヒーローアカデミア,02,dmm,20221002,
堀越耕平,僕のヒーローアカデミア,03,dmm,20221002,
堀越耕平,僕のヒーローアカデミア,04,dmm,20221002,
堀越耕平,僕のヒーローアカデミア,04,dmm,20221003,
堀越耕平,僕のヒーローアカデミア,05,dmm,20221002,
堀越耕平,僕のヒーローアカデミア,06,dmm,20221002,
堀越耕平,僕のヒーローアカデミア,07,dmm,20221002,
堀越耕平,僕のヒーローアカデミア,08,dmm,20221002,
堀越耕平,僕のヒーローアカデミア,09,dmm,20221002,
堀越耕平,僕のヒーローアカデミア,10,dmm,20221002,
あずまゆき,優等生と秘密のお仕事,01,dmm,20221002,
ちると,先輩！俺の声で癒されないでください！,01,dmm,20220904,
千田浩之,兵器少女,01,kindle,20220819,
樋渡りん,冠さんの時計工房,01,kindle,20210709,
みやこかしわ,出会って5秒でバトル,01,dmm,20220719,
みやこかしわ,出会って5秒でバトル,02,dmm,20220719,
みやこかしわ,出会って5秒でバトル,03,dmm,20220719,
みやこかしわ,出会って5秒でバトル,04,dmm,20220719,
みやこかしわ,出会って5秒でバトル,05,dmm,20220719,
峰浪りょう,初恋ゾンビ,01,dmm,20220919,
峰浪りょう,初恋ゾンビ,02,dmm,20220919,
峰浪りょう,初恋ゾンビ,03,dmm,20220919,
峰浪りょう,初恋ゾンビ,04,dmm,20220919,
峰浪りょう,初恋ゾンビ,05,dmm,20220919,
栗原正尚,制裁学園,01,kindle,20220729,
峠比呂,劣等眼の転生魔術師-虐げられた元勇者は未来の世界を余裕で生き抜く,01,kindle,20220721,
峠比呂,劣等眼の転生魔術師-虐げられた元勇者は未来の世界を余裕で生き抜く,02,kindle,20220721,
峠比呂,劣等眼の転生魔術師-虐げられた元勇者は未来の世界を余裕で生き抜く,03,kindle,20220721,
稍日向,劣等眼の転生魔術師-虐げられた最強の孤児が異世界で無双する,01,kindle,20220721,
稍日向,劣等眼の転生魔術師-虐げられた最強の孤児が異世界で無双する,02,kindle,20220721,
大暮維人,化物語,01,dmm,20220824,
大暮維人,化物語,02,dmm,20220824,
大暮維人,化物語,03,dmm,20220824,
大暮維人,化物語,15,dmm,20211117,
オダトモヒト,古見さんは、コミュ症です。,01,dmm,20220426,
オダトモヒト,古見さんは、コミュ症です。,02,dmm,20220427,
オダトモヒト,古見さんは、コミュ症です。,03,dmm,20220427,
オダトモヒト,古見さんは、コミュ症です。,04,dmm,20220427,
オダトモヒト,古見さんは、コミュ症です。,05,dmm,20220725,
真木蛍五,可愛いだけじゃない式守さん,01,dmm,20220831,
真木蛍五,可愛いだけじゃない式守さん,02,dmm,20220831,
真木蛍五,可愛いだけじゃない式守さん,03,dmm,20220831,
松江名俊,君は008,05,dmm,20210801,
小武,女主任・岸見栄子,01,kindle,20220427,
小武,女主任・岸見栄子,02,kindle,20220624,
瀬尾公治,女神のカフェテラス,01,dmm,20210517,
瀬尾公治,女神のカフェテラス,02,kindle,20210716,
瀬尾公治,女神のカフェテラス,03,dmm,20210917,
瀬尾公治,女神のカフェテラス,04,dmm,20211221,
瀬尾公治,女神のカフェテラス,06,dmm,20220616,
瀬尾公治,女神のカフェテラス,07,dmm,20220916,
かろちー,女神のスプリンター,01,dmm,20221002,
かろちー,女神のスプリンター,02,dmm,20221002,
ポン貴花田,家政婦と暮らす100の方法,01,kindle,20220722,
ポン貴花田,家政婦と暮らす100の方法,02,kindle,20220722,
春輝,寄性獣医・鈴音,01,kindle,20160803,
春輝,寄性獣医・鈴音,02,kindle,20160803,
春輝,寄性獣医・鈴音,03,kindle,20200803,
春輝,寄性獣医・鈴音,04,kindle,20200803,
春輝,寄性獣医・鈴音,05,kindle,20160803,
春輝,寄性獣医・鈴音,06,kindle,20160803,
春輝,寄性獣医・鈴音,07,kindle,20180801,
春輝,寄性獣医・鈴音,08,kindle,20180801,
春輝,寄性獣医・鈴音,09,kindle,20180801,
春輝,寄性獣医・鈴音,10,kindle,20200320,
春輝,寄性獣医・鈴音,11,kindle,20200320,
春輝,寄性獣医・鈴音,12,kindle,20200803,
春輝,寄性獣医・鈴音,13,kindle,20220802,
春輝,寄性獣医・鈴音,14,kindle,20220802,
あきばるいき,島崎奈々＠お仕事募集中,01,kindle,20220512,
あきばるいき,島崎奈々＠お仕事募集中,02,kindle,20220512,
あきばるいき,島崎奈々＠お仕事募集中,03,kindle,20220512,
宮島礼吏,彼女、お借りします,28,dmm,20220916,
稲光伸二,性食鬼,01,dmm,20220115,
稲光伸二,性食鬼,02,dmm,20220118,
稲光伸二,性食鬼,03,dmm,20220118,
稲光伸二,性食鬼,05,dmm,20220118,
稲光伸二,性食鬼,07,dmm,20220118,
稲光伸二,性食鬼,08,dmm,20220118,
稲光伸二,性食鬼,10,dmm,20220118,
稲光伸二,性食鬼,11,dmm,20220118,
稲光伸二,性食鬼,15,dmm,20220118,
稲光伸二,性食鬼,16,dmm,20220118,
稲光伸二,性食鬼,17,dmm,20220425,
或十せねか,性食鬼-Aliens-Meet-Girls,02,kindle,20210504,
或十せねか,性食鬼-Aliens-Meet-Girls,03,dmm,20220118,
栗原正尚,怨み屋本舗,01,kindle,20220819,
栗原正尚,怨み屋本舗,02,kindle,20220819,
栗原正尚,怨み屋本舗,03,kindle,20220819,
栗原正尚,怨み屋本舗-通巻版,01,kindle,20220819,
栗原正尚,怨み屋本舗-通巻版,02,kindle,20220819,
栗原正尚,怨み屋本舗-通巻版,03,kindle,20220819,
栗原正尚,怨み屋本舗-通巻版,04,kindle,20220819,
栗原正尚,怨み屋本舗-通巻版,05,kindle,20220819,
栗原正尚,怨み屋本舗-通巻版,06,kindle,20220819,
栗原正尚,怨み屋本舗-通巻版,07,kindle,20220819,
栗原正尚,怨み屋本舗-通巻版,08,dmm,20220824,
栗原正尚,怨み屋本舗-通巻版,09,dmm,20220824,
栗原正尚,怨み屋本舗-通巻版,10,dmm,20220824,
栗原正尚,怨み屋本舗-通巻版,11,dmm,20220824,
栗原正尚,怨み屋本舗-通巻版,12,dmm,20220824,
栗原正尚,怨み屋本舗-通巻版,13,dmm,20220824,
栗原正尚,怨み屋本舗-通巻版,14,dmm,20220824,
栗原正尚,怨み屋本舗-通巻版,15,dmm,20220824,
栗原正尚,怨み屋本舗-通巻版,16,dmm,20220824,
栗原正尚,怨み屋本舗-通巻版,17,dmm,20220824,
栗原正尚,怨み屋本舗-通巻版,18,dmm,20220824,
栗原正尚,怨み屋本舗-通巻版,19,dmm,20220824,
栗原正尚,怨み屋本舗-通巻版,20,dmm,20220824,
栗原正尚,怨み屋本舗WORST,01,kindle,20220819,
如月群真,恋愛志向生徒会,01,kindle,20200929,
如月群真,恋愛志向生徒会,02,dmm,20210507,
如月群真,恋愛志向生徒会,03,dmm,20210508,
如月群真,恋愛志向生徒会,04,dmm,20210508,
如月群真,恋愛志向生徒会,05,dmm,20210729,
如月群真,恋愛志向生徒会,06,dmm,20220518,
甜米らくれ,恥じらう君が見たいんだ,01,dmm,20221002,
紙魚丸,惰性67パーセント,01,kindle,20220819,
紙魚丸,惰性67パーセント,02,kindle,20220829,
吉村英明,慰み者の戦姫,01,dmm,20220817,
脊髄引き抜きの刑,推しのアイドルが隣の部屋に引っ越してきた,01,dmm,20220727,
山本亮平,早乙女姉妹は漫画のためなら！？,01,kindle,20201206,
水口尚樹,早乙女選手、ひたかくす,01,dmm,20220823,
水口尚樹,早乙女選手、ひたかくす,02,dmm,20220823,
水口尚樹,早乙女選手、ひたかくす,03,dmm,20220823,
光永康則,時間停止勇者,01,dmm,20220909,
光永康則,時間停止勇者,02,dmm,20220909,
光永康則,時間停止勇者,03,dmm,20220909,
木野コトラ,月が導く異世界道中,01,dmm,20220901,
木野コトラ,月が導く異世界道中,02,dmm,20220901,
木野コトラ,月が導く異世界道中,03,dmm,20220901,
木野コトラ,月が導く異世界道中,04,dmm,20220901,
藤田和日郎,月光条例,04,kindle,20210111,
藤田和日郎,月光条例,05,kindle,20210111,
石田スイ,東京喰種-デジタルリマスター版,01,kindle,20220802,
石田スイ,東京喰種-デジタルリマスター版,02,kindle,20220802,
石田スイ,東京喰種-デジタルリマスター版,03,kindle,20220802,
石田スイ,東京喰種-デジタルリマスター版,04,kindle,20210207,
石田スイ,東京喰種-デジタルリマスター版,05,kindle,20210207,
石田スイ,東京喰種-デジタルリマスター版,06,kindle,20210207,
石田スイ,東京喰種-デジタルリマスター版,07,kindle,20210207,
石田スイ,東京喰種トーキョーグール：re,01,dmm,20220916,
石田スイ,東京喰種トーキョーグール：re,02,dmm,20220916,
石田スイ,東京喰種トーキョーグール：re,03,dmm,20220916,
石田スイ,東京喰種トーキョーグール：re,04,dmm,20220916,
石田スイ,東京喰種トーキョーグール：re,05,dmm,20220916,
石田スイ,東京喰種トーキョーグール：re,06,dmm,20220916,
石田スイ,東京喰種トーキョーグール：re,07,dmm,20220916,
石田スイ,東京喰種：re,04,kindle,20210207,
石田スイ,東京喰種：re,05,kindle,20210207,
石田スイ,東京喰種：re,06,kindle,20210207,
石田スイ,東京喰種：re,07,kindle,20210207,
葉生田采丸,殺戮のクインデッド,01,kindle,20220428,
倉地千尋,清楚なフリをしてますが,01,kindle,20210223,
鹿子,満州アヘンスクワッド,01,dmm,20220906,
鹿子,満州アヘンスクワッド,02,dmm,20220906,
鹿子,満州アヘンスクワッド,03,dmm,20220906,
真鍋譲治,満漢ぽちゃムキ!!ん,01,kindle,20220428,
稲葉みのり,源君物語-セミカラー版,01,kindle,20180630,
稲葉みのり,源君物語-セミカラー版,02,kindle,20180630,
稲葉みのり,源君物語-セミカラー版,03,dmm,20210519,
稲葉みのり,源君物語-セミカラー版,04,dmm,20210519,
稲葉みのり,源君物語-セミカラー版,05,dmm,20210519,
稲葉みのり,源君物語-セミカラー版,06,dmm,20210519,
稲葉みのり,源君物語-セミカラー版,07,dmm,20210519,
稲葉みのり,源君物語-セミカラー版,08,dmm,20210519,
稲葉みのり,源君物語-セミカラー版,09,dmm,20210519,
稲葉みのり,源君物語-セミカラー版,10,dmm,20210519,
稲葉みのり,源君物語-セミカラー版,11,dmm,20210519,
稲葉みのり,源君物語-セミカラー版,12,dmm,20210519,
稲葉みのり,源君物語-セミカラー版,13,dmm,20210519,
稲葉みのり,源君物語-セミカラー版,14,dmm,20210519,
稲葉みのり,源君物語-セミカラー版,15,dmm,20210519,
稲葉みのり,源君物語-セミカラー版,16,dmm,20210519,
大久保篤,炎炎ノ消防隊,01,kindle,20161220,
大久保篤,炎炎ノ消防隊,02,kindle,20200203,
大久保篤,炎炎ノ消防隊,03,kindle,20200203,
柴山薫,爆骨少女-ギリギリぷりん,01,kindle,20180222,
内藤マーシー,甘神さんちの縁結び,01,kindle,20210716,
内藤マーシー,甘神さんちの縁結び,02,dmm,20210917,
内藤マーシー,甘神さんちの縁結び,03,dmm,20211117,
内藤マーシー,甘神さんちの縁結び,04,dmm,20220217,
内藤マーシー,甘神さんちの縁結び,05,dmm,20220517,
内藤マーシー,甘神さんちの縁結び,06,kindle,20220715,
内藤マーシー,甘神さんちの縁結び,07,dmm,20220916,
柚木Ｎ',生徒会副会長矢上さゆりは頑張っている！,01,kindle,20160304,
柚木Ｎ',生徒会副会長矢上さゆりは頑張っている！,02,kindle,20160327,
柚木Ｎ',生徒会副会長矢上さゆりは頑張っている！,03,kindle,20160327,
柚木Ｎ',生徒会副会長矢上さゆりは頑張っている！,04,dmm,20220118,
十九島信,男殺しの音頃さん,01,dmm,20220916,
さめだ小判,異世界帰りの勇者が現代最強！-試し読み増量版,01,dmm,20220817,
氷樹一世,異世界迷宮でハーレムを,01,kindle,20220721,
氷樹一世,異世界迷宮でハーレムを,02,dmm,20220817,
氷樹一世,異世界迷宮でハーレムを,03,dmm,20220817,
氷樹一世,異世界迷宮でハーレムを,04,dmm,20220817,
氷樹一世,異世界迷宮でハーレムを,05,dmm,20220817,
氷樹一世,異世界迷宮でハーレムを,06,dmm,20220817,
氷樹一世,異世界迷宮でハーレムを,07,dmm,20220817,
氷樹一世,異世界迷宮でハーレムを,08,dmm,20220817,
松浦はこ,痴漢されそうになっているS級美少女を助けたら隣の席の幼馴染だった,01,dmm,20220929,
貫徹,監獄実験,01,kindle,20210208,
貫徹,監獄実験,02,kindle,20210208,
貫徹,監獄実験,03,kindle,20210208,
貫徹,監獄実験,04,kindle,20210208,
貫徹,監獄実験,05,kindle,20210208,
貫徹,監獄実験,06,kindle,20210208,
貫徹,監獄実験,07,kindle,20210208,
貫徹,監獄実験,08,kindle,20210208,
貫徹,監獄実験,09,kindle,20210208,
近藤しぐれ,監禁婚,01,dmm,20220929,
藍屋球,盾の勇者の成り上がり,01,kindle,20220706,
にわのまこと,真島クンすっとばす！！-超合本版,1,kindle,20220807,
にわのまこと,真島クンすっとばす！！-超合本版,2,kindle,20220807,
にわのまこと,真島クンすっとばす！！-超合本版,3,kindle,20220807,
にわのまこと,真島クンすっとばす！！-超合本版,4,kindle,20220807,
にわのまこと,真島クンすっとばす！！-超合本版,5,kindle,20220807,
夏海ちょりすけ,瞳ちゃんは人見知り,01,dmm,20220907,
栗原正尚,神アプリ,01,dmm,20220823,
栗原正尚,神アプリ,02,dmm,20220823,
栗原正尚,神アプリ,03,dmm,20220823,
栗原正尚,神アプリ,04,dmm,20220823,
栗原正尚,神アプリ,05,dmm,20220823,
佐藤健悦,神呪のネクタール,01,dmm,20220823,
佐藤健悦,神呪のネクタール,01,dmm,20220926,
佐藤健悦,神呪のネクタール,02,dmm,20220823,
佐藤健悦,神呪のネクタール,02,dmm,20220926,
佐藤健悦,神呪のネクタール,03,dmm,20210803,
佐藤健悦,神呪のネクタール,03,dmm,20220926,
佐藤健悦,神呪のネクタール,09,dmm,20210803,
佐藤健悦,神呪のネクタール,10,dmm,20210803,
佐藤健悦,神呪のネクタール,11,dmm,20210803,
佐藤健悦,神呪のネクタール,12,dmm,20210917,
佐藤健悦,神呪のネクタール,13,dmm,20220420,
春輝,私のHな履歴書みてください,01,dmm,20221002,
春輝,私のHな履歴書みてください,01,kindle,20220825,
春輝,私のHな履歴書みてください,02,dmm,20221002,
鯨川リョウ,秘密のレプタイルズ,01,dmm,20220719,
鯨川リョウ,秘密のレプタイルズ,02,dmm,20220719,
鯨川リョウ,秘密のレプタイルズ,03,dmm,20220719,
鯨川リョウ,秘密のレプタイルズ,04,dmm,20220719,
川崎順平,童貞絶滅列島,01,kindle,20210428,
田素弘,紛争でしたら八田まで,01,dmm,20220928,
田素弘,紛争でしたら八田まで,02,dmm,20220928,
田素弘,紛争でしたら八田まで,03,dmm,20220928,
宮島礼吏,紫雲寺家の子供たち,01,kindle,20220811,
宵野コタロー,終末のハーレム-セミカラー版,01,dmm,20220904,
宵野コタロー,終末のハーレム-セミカラー版,01,kindle,20181118,
宵野コタロー,終末のハーレム-セミカラー版,02,dmm,20220904,
宵野コタロー,終末のハーレム-セミカラー版,03,dmm,20220904,
宵野コタロー,終末のハーレム-セミカラー版,04,dmm,20220904,
宵野コタロー,終末のハーレム-セミカラー版,16,dmm,20220902,
SAVAN,終末のハーレム-ファンタジア-セミカラー版,01,kindle,20220430,
SAVAN,終末のハーレム-ファンタジア-セミカラー版,02,kindle,20220430,
SAVAN,終末のハーレム-ファンタジア-セミカラー版,03,kindle,20220430,
SAVAN,終末のハーレム-ファンタジア-セミカラー版,04,kindle,20220430,
SAVAN,終末のハーレム-ファンタジア-セミカラー版,05,kindle,20220430,
SAVAN,終末のハーレム-ファンタジア-セミカラー版,06,kindle,20220430,
SAVAN,終末のハーレム-ファンタジア-セミカラー版,07,kindle,20220430,
SAVAN,終末のハーレム-ファンタジア-セミカラー版,08,kindle,20220430,
SAVAN,終末のハーレム-ファンタジア-セミカラー版,09,kindle,20220430,
財政ろろ,経理の夏谷さんはガマンできない,01,dmm,20220722,
川田暁生,絶対聖域のチェリオン,01,dmm,20211117,
川田暁生,絶対聖域のチェリオン,02,dmm,20220425,
川田暁生,絶対聖域のチェリオン,03,dmm,20220915,
佐藤健悦,聖痕のクェイサー,01,dmm,20220926,
佐藤健悦,聖痕のクェイサー,02,dmm,20220926,
佐藤健悦,聖痕のクェイサー,03,dmm,20220926,
久織ちまき,聖闘士星矢セインティア翔,01,dmm,20220901,
久織ちまき,聖闘士星矢セインティア翔,02,dmm,20220901,
久織ちまき,聖闘士星矢セインティア翔,03,dmm,20220901,
久織ちまき,聖闘士星矢セインティア翔,04,dmm,20220901,
アベツカサ,葬送のフリーレン,01,kindle,20211223,
アベツカサ,葬送のフリーレン,02,kindle,20211223,
アベツカサ,葬送のフリーレン,03,kindle,20211223,
倉田三ノ路,薬屋のひとりごと,01,kindle,20210223,
倉田三ノ路,薬屋のひとりごと,02,kindle,20210223,
倉田三ノ路,薬屋のひとりごと,03,kindle,20210223,
川田暁生,裏切られたSランク冒険者の俺は、愛する奴隷の彼女らと共に奴隷だけのハーレムギルドを作る,01,kindle,20210619,
尚村透,賭ケグルイ,01,dmm,20220916,
尚村透,賭ケグルイ,14,dmm,20210506,
尚村透,賭ケグルイ,15,dmm,20211022,
尚村透,賭ケグルイ,16,dmm,20220922,
佐藤まさき,超無気力戦隊ジャパファイブ,01,dmmf,20220802,
佐藤まさき,超無気力戦隊ジャパファイブ,02,dmmf,20220802,
佐藤まさき,超無気力戦隊ジャパファイブ,03,dmmf,20220802,
えむあ,転生してから40年。そろそろ、おじさんも恋がしたい。,01,dmm,20220716,
遊人,遊人セレクション-極！合本シリーズ,04,kindle,20220712,
遊人,遊人セレクション-極！合本シリーズ,05,kindle,20220712,
遊人,遊人セレクション-極！合本シリーズ,06,kindle,20220712,
遊人,遊人セレクション-極！合本シリーズ,07,kindle,20220712,
遊人,遊人セレクション-極！合本シリーズ,08,kindle,20220712,
遊人,遊人セレクション-極！合本シリーズ,09,kindle,20220712,
遊人,遊人セレクション-極！合本シリーズ,10,kindle,20220712,
遊人,遊人セレクション-極！合本シリーズ,11,kindle,20220712,
色白好,過ち、はじめまして。,01,kindle,20150731,
色白好,過ち、はじめまして。,02,kindle,20150731,
伊科田海,道産子ギャルはなまらめんこい,01,dmm,20220904,
細川真義,闇狩人Δ,01,dmm,20220924,
細川真義,闇狩人Δ,02,dmm,20220924,
井荻寿一,霊能探偵ミコ,1,dmm,20220817,
井荻寿一,霊能探偵ミコ,2,dmm,20220817,
井荻寿一,霊能探偵ミコ,3,dmm,20220817,
いとうえい,高嶺の華は乱れ咲き,01,kindle,20210124,
加藤キャシー,鬼獄の夜,01,kindle,20220825,
加藤キャシー,鬼獄の夜,02,kindle,20220825,
加藤キャシー,鬼獄の夜,03,kindle,20220825,
加藤キャシー,鬼獄の夜,04,kindle,20220825,
小島紗,魔剣師の魔剣による魔剣のためのハーレムライフ,02,kindle,20220802,
小島紗,魔剣師の魔剣による魔剣のためのハーレムライフ,03,kindle,20220802,
小島紗,魔剣師の魔剣による魔剣のためのハーレムライフ,04,dmm,20220824,
千明太郎,魔王の娘、すごくチョロい。,01,dmm,20220831,
竹村洋平,魔都精兵のスレイブ,01,dmm,20220904,
竹村洋平,魔都精兵のスレイブ,02,dmm,20210508,
竹村洋平,魔都精兵のスレイブ,03,dmm,20210509,
竹村洋平,魔都精兵のスレイブ,04,dmm,20210509,
竹村洋平,魔都精兵のスレイブ,05,dmm,20210509,
竹村洋平,魔都精兵のスレイブ,06,dmm,20210509,
竹村洋平,魔都精兵のスレイブ,07,dmm,20210516,
竹村洋平,魔都精兵のスレイブ,08,dmm,20210804,
竹村洋平,魔都精兵のスレイブ,09,dmm,20211203,
竹村洋平,魔都精兵のスレイブ,10,dmm,20220502,
竹村洋平,魔都精兵のスレイブ,11,dmm,20220902,
