タイトル,ファイル名,フォルダ,入手,
ONE PIECE 01,[尾田栄一郎] ONE PIECE 01 (color mp).cbz,ONE PIECE,ONE PIECE,kindle
ONE PIECE 02,[尾田栄一郎] ONE PIECE 02 (color mp).cbz,ONE PIECE,kindle
ONE PIECE 03,[尾田栄一郎] ONE PIECE 03 (color mp).cbz,ONE PIECE,kindle
ONE PIECE 04,[尾田栄一郎] ONE PIECE 04 (color mp).cbz,ONE PIECE,kindle
ONE PIECE 05,[尾田栄一郎] ONE PIECE 05 (color mp).cbz,ONE PIECE,kindle
ONE PIECE 06,[尾田栄一郎] ONE PIECE 06 (color mp).cbz,ONE PIECE,kindle
ONE PIECE 07,[尾田栄一郎] ONE PIECE 07 (color mp).cbz,ONE PIECE,kindle
ONE PIECE 08,[尾田栄一郎] ONE PIECE 08 (color mp).cbz,ONE PIECE,kindle
ONE PIECE 09,[尾田栄一郎] ONE PIECE 09 (color mp).cbz,ONE PIECE,kindle
ONE PIECE 10,[尾田栄一郎] ONE PIECE 10 (color mp).cbz,ONE PIECE,kindle
ONE PIECE 11,[尾田栄一郎] ONE PIECE 11C.cbz,ONE PIECE,download
ONE PIECE 12,[尾田栄一郎] ONE PIECE 12C.cbz,ONE PIECE,download
ONE PIECE 13,[尾田栄一郎] ONE PIECE 13C.cbz,ONE PIECE,download
ONE PIECE 14,[尾田栄一郎] ONE PIECE 14C.cbz,ONE PIECE,download
ONE PIECE 15,[尾田栄一郎] ONE PIECE 15C.cbz,ONE PIECE,download
ONE PIECE 16,[尾田栄一郎] ONE PIECE 16C.cbz,ONE PIECE,download
ONE PIECE 17,[尾田栄一郎] ONE PIECE 17C.cbz,ONE PIECE,download
ONE PIECE 18,[尾田栄一郎] ONE PIECE 18C.cbz,ONE PIECE,download
ONE PIECE 19,[尾田栄一郎] ONE PIECE 19C.cbz,ONE PIECE,download
ONE PIECE 20,[尾田栄一郎] ONE PIECE 20C.cbz,ONE PIECE,download
ONE PIECE 21,[尾田栄一郎] ONE PIECE 21C.cbz,ONE PIECE,download
ONE PIECE 22,[尾田栄一郎] ONE PIECE 22C.cbz,ONE PIECE,download
ONE PIECE 23,[尾田栄一郎] ONE PIECE 23C.cbz,ONE PIECE,download
ONE PIECE 24,[尾田栄一郎] ONE PIECE 24C.cbz,ONE PIECE,download
ONE PIECE 25,[尾田栄一郎] ONE PIECE 25C.cbz,ONE PIECE,download
ONE PIECE 26,[尾田栄一郎] ONE PIECE 26C.cbz,ONE PIECE,download
ONE PIECE 27,[尾田栄一郎] ONE PIECE 27C.cbz,ONE PIECE,download
ONE PIECE 28,[尾田栄一郎] ONE PIECE 28C.cbz,ONE PIECE,download
ONE PIECE 29,[尾田栄一郎] ONE PIECE 29C.cbz,ONE PIECE,download
ONE PIECE 30,[尾田栄一郎] ONE PIECE 30C.cbz,ONE PIECE,download
ONE PIECE 31,[尾田栄一郎] ONE PIECE 31C.cbz,ONE PIECE,download
ONE PIECE 32,[尾田栄一郎] ONE PIECE 32C.cbz,ONE PIECE,download
ONE PIECE 33,[尾田栄一郎] ONE PIECE 33C.cbz,ONE PIECE,download
ONE PIECE 34,[尾田栄一郎] ONE PIECE 34C.cbz,ONE PIECE,download
ONE PIECE 35,[尾田栄一郎] ONE PIECE 35C.cbz,ONE PIECE,download
ONE PIECE 36,[尾田栄一郎] ONE PIECE 36C.cbz,ONE PIECE,download
ONE PIECE 37,[尾田栄一郎] ONE PIECE 37C.cbz,ONE PIECE,download
ONE PIECE 38,[尾田栄一郎] ONE PIECE 38C.cbz,ONE PIECE,download
ONE PIECE 39,[尾田栄一郎] ONE PIECE 39C.cbz,ONE PIECE,download
ONE PIECE 40,[尾田栄一郎] ONE PIECE 40C.cbz,ONE PIECE,download
ONE PIECE 41,[尾田栄一郎] ONE PIECE 41C.cbz,ONE PIECE,download
ONE PIECE 42,[尾田栄一郎] ONE PIECE 42C.cbz,ONE PIECE,download
ONE PIECE 43,[尾田栄一郎] ONE PIECE 43C.cbz,ONE PIECE,download
ONE PIECE 44,[尾田栄一郎] ONE PIECE 44C.cbz,ONE PIECE,download
ONE PIECE 45,[尾田栄一郎] ONE PIECE 45C.cbz,ONE PIECE,download
ONE PIECE 46,[尾田栄一郎] ONE PIECE 46C.cbz,ONE PIECE,download
ONE PIECE 47,[尾田栄一郎] ONE PIECE 47C.cbz,ONE PIECE,download
ONE PIECE 48,[尾田栄一郎] ONE PIECE 48C.cbz,ONE PIECE,download
ONE PIECE 49,[尾田栄一郎] ONE PIECE 49C.cbz,ONE PIECE,download
ONE PIECE 50,[尾田栄一郎] ONE PIECE 50C.cbz,ONE PIECE,download
ONE PIECE 51,[尾田栄一郎] ONE PIECE 51C.cbz,ONE PIECE,download
ONE PIECE 52,[尾田栄一郎] ONE PIECE 52C.cbz,ONE PIECE,download
ONE PIECE 53,[尾田栄一郎] ONE PIECE 53C.cbz,ONE PIECE,download
ONE PIECE 54,[尾田栄一郎] ONE PIECE 54C.cbz,ONE PIECE,download
ONE PIECE 55,[尾田栄一郎] ONE PIECE 55C.cbz,ONE PIECE,download
ONE PIECE 56,[尾田栄一郎] ONE PIECE 56C.cbz,ONE PIECE,download
ONE PIECE 57,[尾田栄一郎] ONE PIECE 57C.cbz,ONE PIECE,download
ONE PIECE 58,[尾田栄一郎] ONE PIECE 58C.cbz,ONE PIECE,download
ONE PIECE 59,[尾田栄一郎] ONE PIECE 59C.cbz,ONE PIECE,download
ONE PIECE 60,[尾田栄一郎] ONE PIECE 60C.cbz,ONE PIECE,download
ONE PIECE 61,[尾田栄一郎] ONE PIECE 61C.cbz,ONE PIECE,download
ONE PIECE 62,[尾田栄一郎] ONE PIECE 62C.cbz,ONE PIECE,download
ONE PIECE 63,[尾田栄一郎] ONE PIECE 63C.cbz,ONE PIECE,download
ONE PIECE 64,[尾田栄一郎] ONE PIECE 64C.cbz,ONE PIECE,download
ONE PIECE 65,[尾田栄一郎] ONE PIECE 65 (color mp).cbz,ONE PIECE,kindle
ONE PIECE 66,[尾田栄一郎] ONE PIECE 66 (color mp).cbz,ONE PIECE,kindle
ONE PIECE 67,[尾田栄一郎] ONE PIECE 67 (color mp).cbz,ONE PIECE,kindle
ONE PIECE 68,[尾田栄一郎] ONE PIECE 68C.cbz,ONE PIECE,download
ONE PIECE 69,[尾田栄一郎] ONE PIECE 69C.cbz,ONE PIECE,download
ONE PIECE 70,[尾田栄一郎] ONE PIECE 70C.cbz,ONE PIECE,download
ONE PIECE 71,[尾田栄一郎] ONE PIECE 71C.cbz,ONE PIECE,download
ONE PIECE 72,[尾田栄一郎] ONE PIECE 72C.cbz,ONE PIECE,download
ONE PIECE 73,[尾田栄一郎] ONE PIECE 73C.cbz,ONE PIECE,download
ONE PIECE 74,[尾田栄一郎] ONE PIECE 74C.cbz,ONE PIECE,download
ONE PIECE 75,[尾田栄一郎] ONE PIECE 75C.cbz,ONE PIECE,download
ONE PIECE 76,[尾田栄一郎] ONE PIECE 76C.cbz,ONE PIECE,download
ONE PIECE 77,[尾田栄一郎] ONE PIECE 77C.cbz,ONE PIECE,download
ONE PIECE 78,[尾田栄一郎] ONE PIECE 78C.cbz,ONE PIECE,download
ONE PIECE 79,[尾田栄一郎] ONE PIECE 79C.cbz,ONE PIECE,download
ONE PIECE 80,[尾田栄一郎] ONE PIECE 80 (color mp).cbz,ONE PIECE,kindle
ONE PIECE 81,[尾田栄一郎] ONE PIECE 81C.cbz,ONE PIECE,donwload
ONE PIECE 82,[尾田栄一郎] ONE PIECE 82C.cbz,ONE PIECE,donwload
ONE PIECE 83,[尾田栄一郎] ONE PIECE 83C.cbz,ONE PIECE,donwload
ONE PIECE 84,[尾田栄一郎] ONE PIECE 84 (color mp).cbz,ONE PIECE,kindle
ONE PIECE 85,[尾田栄一郎] ONE PIECE 85 (color mp).cbz,ONE PIECE,kindle
ONE PIECE 86,[尾田栄一郎] ONE PIECE 86 (color mp).cbz,ONE PIECE,kindle
ONE PIECE 87,[尾田栄一郎] ONE PIECE 87.cbz,ONE PIECE,download
ONE PIECE 88,[尾田栄一郎] ONE PIECE 88.cbz,ONE PIECE,download
ONE PIECE 89,[尾田栄一郎] ONE PIECE 89.cbz,ONE PIECE,download
ONE PIECE 90,[尾田栄一郎] ONE PIECE 90.cbz,ONE PIECE,download
ONE PIECE 91,[尾田栄一郎] ONE PIECE 91.cbz,ONE PIECE,download
ONE PIECE 92,[尾田栄一郎] ONE PIECE 92 (mp).cbz,ONE PIECE,kindle
ONE PIECE 93,[尾田栄一郎] ONE PIECE 93 (mp).cbz,ONE PIECE,kindle
ONE PIECE 94,[尾田栄一郎] ONE PIECE 94 (mp).cbz,ONE PIECE,kindle
ONE PIECE 95,[尾田栄一郎] ONE PIECE 95 (mp).cbz,ONE PIECE,kindle
ONE PIECE 97,尾田栄一郎_ONE_PIECE_97.cbz,ONE PIECE,kindle,2020/10/20
ONE PIECE 100,尾田栄一郎_ONE_PIECE_100.cbz,ONE PIECE,kindle,2021/12/24
ONE PIECE 101,尾田栄一郎_ONE_PIECE_101.cbz,ONE-PIECE,kindle,2022/03/09
ONE PIECE 102,尾田栄一郎_ONE_PIECE_102.cbz,ONE-PIECE,kindle,2022/05/10
キングダム 01,[原泰久] キングダム 01 (mp).cbz,キングダム,kindle
キングダム 02,[原泰久] キングダム 02.cbz,キングダム,download
キングダム 03,[原泰久] キングダム 03.cbz,キングダム,download
キングダム 04,[原泰久] キングダム 04.cbz,キングダム,download
キングダム 05,[原泰久] キングダム 05.cbz,キングダム,download
キングダム 06,[原泰久] キングダム 06.cbz,キングダム,download
キングダム 07,[原泰久] キングダム 07.cbz,キングダム,download
キングダム 08,[原泰久] キングダム 08.cbz,キングダム,download
キングダム 09,[原泰久] キングダム 09.cbz,キングダム,download
キングダム 10,[原泰久] キングダム 10 (mp).cbz,キングダム,kindle
キングダム 11,[原泰久] キングダム 11 (mp).cbz,キングダム,kindle
キングダム 12,[原泰久] キングダム 12.cbz,キングダム,download
キングダム 13,[原泰久] キングダム 13.cbz,キングダム,download
キングダム 14,[原泰久] キングダム 14.cbz,キングダム,download
キングダム 15,[原泰久] キングダム 15.cbz,キングダム,download
キングダム 16,[原泰久] キングダム 16 (mp).cbz,キングダム,kindle
キングダム 17,[原泰久] キングダム 17.cbz,キングダム,download
キングダム 18,[原泰久] キングダム 18.cbz,キングダム,download
キングダム 19,[原泰久] キングダム 19.cbz,キングダム,download
キングダム 20,[原泰久] キングダム 20.cbz,キングダム,download
キングダム 21,[原泰久] キングダム 21.cbz,キングダム,download
キングダム 22,[原泰久] キングダム 22.cbz,キングダム,download
キングダム 23,[原泰久] キングダム 23.cbz,キングダム,download
キングダム 24,[原泰久] キングダム 24.cbz,キングダム,download
キングダム 25,[原泰久] キングダム 25 (mp).cbz,キングダム,kindle
キングダム 26,[原泰久] キングダム 26.cbz,キングダム,download
キングダム 27,[原泰久] キングダム 27 (mp).cbz,キングダム,kindle
キングダム 28,[原泰久] キングダム 28 (mp).cbz,キングダム,kindle
キングダム 29,[原泰久] キングダム 29.cbz,キングダム,download
キングダム 30,[原泰久] キングダム 30 (mp).cbz,キングダム,kindle
キングダム 31,[原泰久] キングダム 31.cbz,キングダム,download
キングダム 32,[原泰久] キングダム 32 (mp).cbz,キングダム,kindle
キングダム 33,[原泰久] キングダム 33 (mp).cbz,キングダム,kindle
キングダム 34,[原泰久] キングダム 34.cbz,キングダム,download
キングダム 35,[原泰久] キングダム 35.cbz,キングダム,download
キングダム 36,[原泰久] キングダム 36.cbz,キングダム,download
キングダム 37,[原泰久] キングダム 37.cbz,キングダム,download
キングダム 38,[原泰久] キングダム 38.cbz,キングダム,download
キングダム 39,[原泰久] キングダム 39.cbz,キングダム,download
キングダム 40,[原泰久] キングダム 40.cbz,キングダム,download
キングダム 41,[原泰久] キングダム 41.cbz,キングダム,download
キングダム 42,[原泰久] キングダム 42.cbz,キングダム,download
キングダム 43,[原泰久] キングダム 43.cbz,キングダム,download
キングダム 44,[原泰久] キングダム 44d.cbz,キングダム,download
キングダム 45,[原泰久] キングダム 45.cbz,キングダム,download
キングダム 46,[原泰久] キングダム 46.cbz,キングダム,download
キングダム 47,[原泰久] キングダム 47.cbz,キングダム,download
キングダム 48,[原泰久] キングダム 48.cbz,キングダム,download
キングダム 49,[原泰久] キングダム 49 (mp).cbz,キングダム,kindle
キングダム 50,[原泰久] キングダム 50.cbz,キングダム,download
キングダム 51,[原泰久] キングダム 51.cbz,キングダム,download
キングダム 52,[原泰久] キングダム 52.cbz,キングダム,download
キングダム 53,[原泰久] キングダム 53.cbz,キングダム,download
キングダム 54,[原泰久] キングダム 54.cbz,キングダム,download
キングダム 55,[原泰久] キングダム 55.cbz,キングダム,download
キングダム 56,[原泰久] キングダム 56.cbz,キングダム,download
キングダム 57,[原泰久] キングダム 57 (mp).cbz,キングダム,kindle
キングダム 58,[原泰久] キングダム 58 (mp).cbz,キングダム,kindle
キングダム 57n,原泰久_キングダム_57.cbz,キングダム,kindle
キングダム 58n,原泰久_キングダム_58.cbz,キングダム,kindle
キングダム 59,原泰久_キングダム_59.cbz,キングダム,kindle
キングダム 60,原泰久_キングダム_60.cbz,キングダム,kindle
キングダム 61,原泰久_キングダム_61.cbz,キングダム,kindle
キングダム 62,原泰久_キングダム_62.cbz,キングダム,kindle,2021/07/16
キングダム 63,原泰久_キングダム_63.cbz,キングダム,dmm,2021/11/19
キングダム 64,原泰久_キングダム_64.cbz,キングダム,dmm,2022/02/18
もののがたり 1,オニグンソウ_もののがたり_01.cbz,もののがたり,kindle
もののがたり 2,オニグンソウ_もののがたり_02.cbz,もののがたり,kindle
もののがたり 3,オニグンソウ_もののがたり_03.cbz,もののがたり,kindle,2022/05/20
もののがたり 4,オニグンソウ_もののがたり_04_.cbz,もののがたり,kindle
もののがたり 5,オニグンソウ_もののがたり_05_.cbz,もののがたり,kindle
もののがたり 6,オニグンソウ_もののがたり_06_.cbz,もののがたり,kindle
もののがたり 7,オニグンソウ_もののがたり_07.cbz,もののがたり,kindle
もののがたり 8,オニグンソウ_もののがたり_08_.cbz,もののがたり,kindle
もののがたり 9,オニグンソウ_もののがたり_09.cbz,もののがたり,kindle
もののがたり 10,オニグンソウ_もののがたり_10.cbz,もののがたり,kindle
もののがたり 11,オニグンソウ_もののがたり_11.cbz,もののがたり,kindle
もののがたり 12,オニグンソウ_もののがたり_12.cbz,もののがたり,kindle
もののがたり 13,オニグンソウ_もののがたり_13.cbz,もののがたり,dmm,2021/11/19
もののがたり 14,オニグンソウ_もののがたり_14.cbz,もののがたり,dmm,2022/05/18
化物語 1,大暮維人_化物語_01.cbz,化物語,kindle
化物語 2,大暮維人_化物語_02.cbz,化物語,kindle
化物語 3,大暮維人_化物語_03.cbz,化物語,download
化物語 4,大暮維人_化物語_04.cbz,化物語,kindle
化物語 5,大暮維人_化物語_05_.cbz,化物語,kindle
化物語 6,大暮維人_化物語_06.cbz,化物語,kindle
化物語 7,大暮維人_化物語_07.cbz,化物語,kindle
化物語 8,大暮維人_化物語_08.cbz,化物語,kindle
化物語 9,大暮維人_化物語_09.cbz,化物語,kindle
化物語 10,大暮維人_化物語_10.cbz,化物語,kindle
化物語 11,大暮維人_化物語_11.cbz,化物語,kindle,2020/11/18
化物語 12,大暮維人_化物語_12.cbz,化物語,kindle,
化物語 13,大暮維人_化物語_13.cbz,化物語,kindle,
化物語 14,大暮維人_化物語_14.cbz,化物語,kindle,2021/08/17
化物語 15,大暮維人_化物語_15.cbz,化物語,dmm,2021/11/17
化物語 16,大暮維人_化物語_16.cbz,化物語,dmm,2022/02/17
化物語 17,大暮維人_化物語_17.cbz,化物語,dmm,2022/05/18
僕のヒーローアカデミア 01,[堀越耕平] 僕のヒーローアカデミア 01.cbz,僕のヒーローアカデミア,download
僕のヒーローアカデミア 02,[堀越耕平] 僕のヒーローアカデミア 02.cbz,僕のヒーローアカデミア,download
僕のヒーローアカデミア 03,[堀越耕平] 僕のヒーローアカデミア 03.cbz,僕のヒーローアカデミア,download
僕のヒーローアカデミア 04,[堀越耕平] 僕のヒーローアカデミア 04.cbz,僕のヒーローアカデミア,download
僕のヒーローアカデミア 05,[堀越耕平] 僕のヒーローアカデミア 05.cbz,僕のヒーローアカデミア,download
僕のヒーローアカデミア 06,[堀越耕平] 僕のヒーローアカデミア 06.cbz,僕のヒーローアカデミア,download
僕のヒーローアカデミア 07,[堀越耕平] 僕のヒーローアカデミア 07d.cbz,僕のヒーローアカデミア,download
僕のヒーローアカデミア 08,[堀越耕平] 僕のヒーローアカデミア 08d.cbz,僕のヒーローアカデミア,download
僕のヒーローアカデミア 09,[堀越耕平] 僕のヒーローアカデミア 09.cbz,僕のヒーローアカデミア,download
僕のヒーローアカデミア 10,[堀越耕平] 僕のヒーローアカデミア 10d.cbz,僕のヒーローアカデミア,download
僕のヒーローアカデミア 11,[堀越耕平] 僕のヒーローアカデミア 11.cbz,僕のヒーローアカデミア,download
僕のヒーローアカデミア 12,[堀越耕平] 僕のヒーローアカデミア 12d.cbz,僕のヒーローアカデミア,download
僕のヒーローアカデミア 13,[堀越耕平] 僕のヒーローアカデミア 13.cbz,僕のヒーローアカデミア,download
僕のヒーローアカデミア 14,[堀越耕平] 僕のヒーローアカデミア 14.cbz,僕のヒーローアカデミア,download
僕のヒーローアカデミア 15,[堀越耕平] 僕のヒーローアカデミア 15d.cbz,僕のヒーローアカデミア,download
僕のヒーローアカデミア 16,[堀越耕平] 僕のヒーローアカデミア 16 (mp).cbz,僕のヒーローアカデミア,kindle
僕のヒーローアカデミア 17,[堀越耕平] 僕のヒーローアカデミア 17b.cbz,僕のヒーローアカデミア,download
僕のヒーローアカデミア 18,[堀越耕平] 僕のヒーローアカデミア 18.cbz,僕のヒーローアカデミア,download
僕のヒーローアカデミア 19,[堀越耕平] 僕のヒーローアカデミア 19.cbz,僕のヒーローアカデミア,download
僕のヒーローアカデミア 20,[堀越耕平] 僕のヒーローアカデミア 20.cbz,僕のヒーローアカデミア,download
僕のヒーローアカデミア 21,[堀越耕平] 僕のヒーローアカデミア 21.cbz,僕のヒーローアカデミア,download
僕のヒーローアカデミア 22,[堀越耕平] 僕のヒーローアカデミア 22.cbz,僕のヒーローアカデミア,download
僕のヒーローアカデミア 23,[堀越耕平] 僕のヒーローアカデミア 23.cbz,僕のヒーローアカデミア,download
僕のヒーローアカデミア 24,[堀越耕平] 僕のヒーローアカデミア 24.cbz,僕のヒーローアカデミア,download
僕のヒーローアカデミア 25,[堀越耕平] 僕のヒーローアカデミア 25.cbz,僕のヒーローアカデミア,download
僕のヒーローアカデミア 26,[堀越耕平] 僕のヒーローアカデミア 26 (mp).cbz,僕のヒーローアカデミア,kindle
僕のヒーローアカデミア 27,[堀越耕平] 僕のヒーローアカデミア 27 (mp).cbz,僕のヒーローアカデミア,kindle
僕のヒーローアカデミア 28,[堀越耕平] 僕のヒーローアカデミア 28 (mp).cbz,僕のヒーローアカデミア,kindle
僕のヒーローアカデミア 30,堀越耕平_僕のヒーローアカデミア_30.cbz,僕のヒーローアカデミア,kindle,
僕のヒーローアカデミア 31,堀越耕平_僕のヒーローアカデミア_31.cbz,僕のヒーローアカデミア,kindle,2021/08/17
僕のヒーローアカデミア 32,堀越耕平_僕のヒーローアカデミア_32.cbz,僕のヒーローアカデミア,kindle,2021/10/08
鬼滅の刃 1,[吾峠呼世晴] 鬼滅の刃 01d.cbz,鬼滅の刃,kindle
鬼滅の刃 2,[吾峠呼世晴] 鬼滅の刃 02d.cbz,鬼滅の刃,kindle
鬼滅の刃 3,[吾峠呼世晴] 鬼滅の刃 03d.cbz,鬼滅の刃,kindle
鬼滅の刃 4,[吾峠呼世晴] 鬼滅の刃 04.cbz,鬼滅の刃,download
鬼滅の刃 5,[吾峠呼世晴] 鬼滅の刃 05.cbz,鬼滅の刃,download
鬼滅の刃 6,[吾峠呼世晴] 鬼滅の刃 06.cbz,鬼滅の刃,download
鬼滅の刃 7,[吾峠呼世晴] 鬼滅の刃 07.cbz,鬼滅の刃,download
鬼滅の刃 8,[吾峠呼世晴] 鬼滅の刃 08.cbz,鬼滅の刃,download
鬼滅の刃 9,[吾峠呼世晴] 鬼滅の刃 09.cbz,鬼滅の刃,download
鬼滅の刃 10,[吾峠呼世晴] 鬼滅の刃 10 (mp).cbz,鬼滅の刃,kindle
鬼滅の刃 11,[吾峠呼世晴] 鬼滅の刃 11.cbz,鬼滅の刃,download
鬼滅の刃 12,[吾峠呼世晴] 鬼滅の刃 12.cbz,鬼滅の刃,download
鬼滅の刃 13,[吾峠呼世晴] 鬼滅の刃 13.cbz,鬼滅の刃,download
鬼滅の刃 14,[吾峠呼世晴] 鬼滅の刃 14.cbz,鬼滅の刃,download
鬼滅の刃 15,[吾峠呼世晴] 鬼滅の刃 15.cbz,鬼滅の刃,download
鬼滅の刃 16,[吾峠呼世晴] 鬼滅の刃 16.cbz,鬼滅の刃,download
鬼滅の刃 17,[吾峠呼世晴] 鬼滅の刃 17.cbz,鬼滅の刃,download
鬼滅の刃 18,[吾峠呼世晴] 鬼滅の刃 18b.cbz,鬼滅の刃,download
鬼滅の刃 19,[吾峠呼世晴] 鬼滅の刃 19.cbz,鬼滅の刃,download
鬼滅の刃 23,吾峠呼世晴_鬼滅の刃_23.cbz,鬼滅の刃,kindle,2020/12/04
すんどめ!!ミルキーウェイ 1 セミカラー版,なつかずき_すんどめ!!ミルキーウェイ_01s.cbz,すんどめ!!ミルキーウェイ,kindle,2022/02/25
すんどめ!!ミルキーウェイ 2 セミカラー版,ふなつかずき_すんどめ!!ミルキーウェイ_02s.cbz,すんどめ!!ミルキーウェイ,kindle,2022/02/25
すんどめ!!ミルキーウェイ 3 セミカラー版,ふなつかずき_すんどめ!!ミルキーウェイ_03s.cbz,すんどめ!!ミルキーウェイ,kindle,
すんどめ!!ミルキーウェイ 4 セミカラー版,ふなつかずき_すんどめ!!ミルキーウェイ_04s.cbz,すんどめ!!ミルキーウェイ,kindle,
すんどめ!!ミルキーウェイ 5 セミカラー版,ふなつかずき_すんどめ!!ミルキーウェイ_05s.cbz,すんどめ!!ミルキーウェイ,kindle,
すんどめ!!ミルキーウェイ 6 セミカラー版,ふなつかずき_すんどめ!!ミルキーウェイ_06s.cbz,すんどめ!!ミルキーウェイ,kindle,
すんどめ!!ミルキーウェイ 7 セミカラー版,ふなつかずき_すんどめ!!ミルキーウェイ_07s.cbz,すんどめ!!ミルキーウェイ,kindle,
すんどめ!!ミルキーウェイ 8 セミカラー版,ふなつかずき_すんどめ!!ミルキーウェイ_08s.cbz,すんどめ!!ミルキーウェイ,kindle,
すんどめ!!ミルキーウェイ 9 セミカラー版,ふなつかずき_すんどめ!!ミルキーウェイ_09s.cbz,すんどめ!!ミルキーウェイ,kindle,
すんどめ!!ミルキーウェイ 10 セミカラー版,ふなつかずき_すんどめ!!ミルキーウェイ_10s.cbz,すんどめ!!ミルキーウェイ,kindle,2022/01/11
ヒットマン 1,[瀬尾公治] ヒットマン 01 (mp).cbz,ヒットマン,kindle
ヒットマン 2,[瀬尾公治] ヒットマン 02 (mp).cbz,ヒットマン,kindle
ヒットマン 3,[瀬尾公治] ヒットマン 03 (mp).cbz,ヒットマン,kindle
ヒットマン 4,[瀬尾公治] ヒットマン 04 (mp).cbz,ヒットマン,kindle
ヒットマン 5,[瀬尾公治] ヒットマン 05 (mp).cbz,ヒットマン,kindle
ヒットマン 6 特装版,[瀬尾公治] ヒットマン 06 (mpt).cbz,ヒットマン,kindle
ヒットマン 7,[瀬尾公治] ヒットマン 07 (mp).cbz,ヒットマン,kindle
ヒットマン 8,[瀬尾公治] ヒットマン 08 (mp).cbz,ヒットマン,kindle
ヒットマン 9,[瀬尾公治] ヒットマン 09 (mp).cbz,ヒットマン,kindle
ヒットマン 10,[瀬尾公治] ヒットマン 10 (mp).cbz,ヒットマン,kindle
ヒットマン 11,瀬尾公治_ヒットマン_11.cbz,ヒットマン,kindle
ヒットマン 12,瀬尾公治_ヒットマン_12.cbz,ヒットマン,kindle,2020/12/18
彼女、お借りします 1,[宮島礼吏] 彼女、お借りします 01.cbz,彼女、お借りします,download
彼女、お借りします 2,[宮島礼吏] 彼女、お借りします 02.cbz,彼女、お借りします,download
彼女、お借りします 3,[宮島礼吏] 彼女、お借りします 03.cbz,彼女、お借りします,download
彼女、お借りします 4,[宮島礼吏] 彼女、お借りします 04.cbz,彼女、お借りします,download
彼女、お借りします 5,[宮島礼吏] 彼女、お借りします 05.cbz,彼女、お借りします,download
彼女、お借りします 6,[宮島礼吏] 彼女、お借りします 06.cbz,彼女、お借りします,download
彼女、お借りします 7,[宮島礼吏] 彼女、お借りします 07.cbz,彼女、お借りします,download
彼女、お借りします 8,[宮島礼吏] 彼女、お借りします 08.cbz,彼女、お借りします,download
彼女、お借りします 9,[宮島礼吏] 彼女、お借りします 09.cbz,彼女、お借りします,download
彼女、お借りします 10,[宮島礼吏] 彼女、お借りします 10.cbz,彼女、お借りします,download
彼女、お借りします 11,[宮島礼吏] 彼女、お借りします 11.cbz,彼女、お借りします,download
彼女、お借りします 12,[宮島礼吏] 彼女、お借りします 12.cbz,彼女、お借りします,download
彼女、お借りします 13,[宮島礼吏] 彼女、お借りします 13.cbz,彼女、お借りします,download
彼女、お借りします 14,[宮島礼吏] 彼女、お借りします 14 (mp).cbz,彼女、お借りします,download
彼女、お借りします 15,[宮島礼吏] 彼女、お借りします 15 (mp).cbz,彼女、お借りします,download
彼女、お借りします 16,[宮島礼吏] 彼女、お借りします 16 (mp).cbz,彼女、お借りします,download
彼女、お借りします 17,[宮島礼吏] 彼女、お借りします 17 (mp).cbz,彼女、お借りします,download
彼女、お借りします 18,宮島礼吏_彼女、お借りします_18.cbz,彼女、お借りします,kindle,2020/11/18
彼女、お借りします 22,宮島礼吏_彼女、お借りします_22.cbz,彼女、お借りします,kindle,2021/08/17
彼女、お借りします 23,宮島礼吏_彼女、お借りします_23.cbz,彼女、お借りします,dmm,2021/10/19
彼女、お借りします 24,宮島礼吏_彼女、お借りします_24.cbz,彼女、お借りします,dmm,2021/12/21
彼女、お借りします 25,宮島礼吏_彼女、お借りします_25.cbz,彼女、お借りします,dmm,2022/02/17
彼女、お借りします 26,宮島礼吏_彼女、お借りします_26.cbz,彼女、お借りします,dmm,2022/05/18
ドラゴンボール 1 孫悟空修行編 1,[鳥山明] DRAGON BALL 01 (color mp).cbz,DRAGON BALL,download
ドラゴンボール 2 孫悟空修行編 2,[鳥山明] DRAGON BALL 02 (color mp).cbz,DRAGON BALL,download
ドラゴンボール 3 孫悟空修行編 3,[鳥山明] DRAGON BALL 03 (color mp).cbz,DRAGON BALL,download
ドラゴンボール 4 孫悟空修行編 4,[鳥山明] DRAGON BALL 04 (color mp).cbz,DRAGON BALL,download
ドラゴンボール 5 レッドリボン軍編 1,[鳥山明] DRAGON BALL 05 (color mp).cbz,DRAGON BALL,download
ドラゴンボール 6 レッドリボン軍編 2,[鳥山明] DRAGON BALL 06 (color mp).cbz,DRAGON BALL,download
ドラゴンボール 7 レッドリボン軍編 3,[鳥山明] DRAGON BALL 07 (color mp).cbz,DRAGON BALL,download
ドラゴンボール 8 レッドリボン軍編 4,[鳥山明] DRAGON BALL 08 (color mp).cbz,DRAGON BALL,download
ドラゴンボール 9 レッドリボン軍編 5,[鳥山明] DRAGON BALL 09 (color mp).cbz,DRAGON BALL,download
ドラゴンボール 10 ピッコロ大魔王編 1,[鳥山明] DRAGON BALL 10 (color mp).cbz,DRAGON BALL,download
ドラゴンボール 11 ピッコロ大魔王編 2,[鳥山明] DRAGON BALL 11 (color mp).cbz,DRAGON BALL,download
ドラゴンボール 12 ピッコロ大魔王編 3,[鳥山明] DRAGON BALL 12 (color mp).cbz,DRAGON BALL,download
ドラゴンボール 13 ピッコロ大魔王編 4,[鳥山明] DRAGON BALL 13 (color mp).cbz,DRAGON BALL,download
ドラゴンボール 14 ピッコロ大魔王編 5,[鳥山明] DRAGON BALL 14 (color mp).cbz,DRAGON BALL,download
ドラゴンボール 15 ピッコロ大魔王編 6,[鳥山明] DRAGON BALL 15 (color mp).cbz,DRAGON BALL,download
ドラゴンボール 16 ピッコロ大魔王編 7,[鳥山明] DRAGON BALL 16 (color mp).cbz,DRAGON BALL,download
ドラゴンボール 17 サイヤ人編 1,[鳥山明] DRAGON BALL 17 (color mp).cbz,DRAGON BALL,download
ドラゴンボール 18 サイヤ人編 2,[鳥山明] DRAGON BALL 18 (color mp).cbz,DRAGON BALL,download
ドラゴンボール 19 サイヤ人編 3,[鳥山明] DRAGON BALL 19 (color mp).cbz,DRAGON BALL,download
ドラゴンボール 20 サイヤ人編 4,[鳥山明] DRAGON BALL 20 (color mp).cbz,DRAGON BALL,download
ドラゴンボール 21 フリーザ編 1,[鳥山明] DRAGON BALL 21 (color mp).cbz,DRAGON BALL,download
ドラゴンボール 22 フリーザ編 2,[鳥山明] DRAGON BALL 22 (color mp).cbz,DRAGON BALL,download
ドラゴンボール 23 フリーザ編 3,[鳥山明] DRAGON BALL 23 (color mp).cbz,DRAGON BALL,download
ドラゴンボール 24 フリーザ編 4,[鳥山明] DRAGON BALL 24 (color mp).cbz,DRAGON BALL,download
ドラゴンボール 25 フリーザ編 5,[鳥山明] DRAGON BALL 25 (color mp).cbz,DRAGON BALL,download
ドラゴンボール 26 フリーザ編 6,[鳥山明] DRAGON BALL 26 (color mp).cbz,DRAGON BALL,download
ドラゴンボール 27 フリーザ編 7,[鳥山明] DRAGON BALL 27 (color mp).cbz,DRAGON BALL,download
ドラゴンボール 28 人造人間・セル編 1,[鳥山明] DRAGON BALL 28 (color mp).cbz,DRAGON BALL,download
ドラゴンボール 29 人造人間・セル編 2,[鳥山明] DRAGON BALL 29 (color mp).cbz,DRAGON BALL,download
ドラゴンボール 30 人造人間・セル編 3,[鳥山明] DRAGON BALL 30 (color mp).cbz,DRAGON BALL,download
ドラゴンボール 31 人造人間・セル編 4,[鳥山明] DRAGON BALL 31 (color mp).cbz,DRAGON BALL,download
ドラゴンボール 32 人造人間・セル編 5,[鳥山明] DRAGON BALL 32 (color mp).cbz,DRAGON BALL,download
ドラゴンボール 33 人造人間・セル編 6,[鳥山明] DRAGON BALL 33 (color mp).cbz,DRAGON BALL,download
ドラゴンボール 34 人造人間・セル編 7,[鳥山明] DRAGON BALL 34 (color mp).cbz,DRAGON BALL,download
ドラゴンボール 35 人造人間・セル編 8,[鳥山明] DRAGON BALL 35 (color mp).cbz,DRAGON BALL,download
ドラゴンボール 36 魔人ブウ編 1,[鳥山明] DRAGON BALL 36 (color mp).cbz,DRAGON BALL,download
ドラゴンボール 37 魔人ブウ編 2,[鳥山明] DRAGON BALL 37 (color mp).cbz,DRAGON BALL,download
ドラゴンボール 38 魔人ブウ編 3,[鳥山明] DRAGON BALL 38 (color mp).cbz,DRAGON BALL,download
ドラゴンボール 39 魔人ブウ編 4,[鳥山明] DRAGON BALL 39 (color mp).cbz,DRAGON BALL,download
ドラゴンボール 40 魔人ブウ編 5,[鳥山明] DRAGON BALL 40 (color mp).cbz,DRAGON BALL,download
ドラゴンボール 41 魔人ブウ編 6,[鳥山明] DRAGON BALL 41 (color mp).cbz,DRAGON BALL,download
ドラゴンボール 42 魔人ブウ編 7,[鳥山明] DRAGON BALL 42 (color mp).cbz,DRAGON BALL,download
GANTZ 01 ねぎ星人 1,[奥浩哉] GANTZ 01 ねぎ星人1 (color mp).cbz,GANTZ,kindle
GANTZ 02 ねぎ星人 2,[奥浩哉] GANTZ 02 ねぎ星人2 (color mp).cbz,GANTZ,kindle
GANTZ 03 田中星人 1,[奥浩哉] GANTZ 03 田中星人1 (color mp).cbz,GANTZ,kindle
GANTZ 04 田中星人 2,[奥浩哉] GANTZ 04 田中星人2 (color mp).cbz,GANTZ,kindle
GANTZ 05 田中星人 3,[奥浩哉] GANTZ 05 田中星人3 (color mp).cbz,GANTZ,kindle
GANTZ 06 あばれんぼう星人 1,[奥浩哉] GANTZ 06 あばれんぼう星人1 (color mp).cbz,GANTZ,kindle
GANTZ 07 あばれんぼう星人 2,[奥浩哉] GANTZ 07 あばれんぼう星人2 (color mp).cbz,GANTZ,kindle
GANTZ 08 あばれんぼう星人 3,[奥浩哉] GANTZ 08 あばれんぼう星人3 (color mp).cbz,GANTZ,kindle
GANTZ 09 チビ星人 1,[奥浩哉] GANTZ 09 チビ星人1 (color mp).cbz,GANTZ,kindle
GANTZ 10 チビ星人 2,[奥浩哉] GANTZ 10 チビ星人2 (color mp).cbz,GANTZ,kindle
GANTZ 11 かっぺ星人 1,[奥浩哉] GANTZ 11 かっぺ星人1 (color mp).cbz,GANTZ,kindle
GANTZ 12 かっぺ星人 2,[奥浩哉] GANTZ 12 かっぺ星人2 (color mp).cbz,GANTZ,kindle
GANTZ 13 かっぺ星人 3,[奥浩哉] GANTZ 13 かっぺ星人3 (color mp).cbz,GANTZ,kindle
GANTZ 14 かっぺ星人 4,[奥浩哉] GANTZ 14 かっぺ星人4 (color mp).cbz,GANTZ,kindle
GANTZ 15 ゆびわ星人 1,[奥浩哉] GANTZ 15 ゆびわ星人1 (color mp).cbz,GANTZ,kindle
GANTZ 16 ゆびわ星人 2,[奥浩哉] GANTZ 16 ゆびわ星人2 (color mp).cbz,GANTZ,kindle
GANTZ 17 オニ星人 1,[奥浩哉] GANTZ 17 オニ星人1 (color mp).cbz,GANTZ,kindle
GANTZ 18 オニ星人 2,[奥浩哉] GANTZ 18 オニ星人2 (color mp).cbz,GANTZ,kindle
GANTZ 19 オニ星人 3,[奥浩哉] GANTZ 19 オニ星人3 (color mp).cbz,GANTZ,kindle
GANTZ 20 オニ星人 4,[奥浩哉] GANTZ 20 オニ星人4 (color mp).cbz,GANTZ,kindle
GANTZ 21 GANTZ OSAKA編 1,[奥浩哉] GANTZ OSAKA編 01 (color mp).cbz,GANTZ,kindle
GANTZ 22 GANTZ OSAKA編 2,[奥浩哉] GANTZ OSAKA編 02 (color mp).cbz,GANTZ,kindle
GANTZ 23 GANTZ OSAKA編 3,[奥浩哉] GANTZ OSAKA編 03 (color mp).cbz,GANTZ,kindle
GANTZ 24 GANTZ OSAKA編 4,[奥浩哉] GANTZ OSAKA編 04 (color mp).cbz,GANTZ,kindle
GANTZ 25 GANTZ OSAKA編 5,[奥浩哉] GANTZ OSAKA編 05 (color mp).cbz,GANTZ,kindle
FAIRY TAIL 1-5 超合本,[真島ヒロ] FAIRY TAIL 01-05 (mp).cbz,FAIRY TAIL,kindle
FAIRY TAIL 7,[真島ヒロ] FAIRY TAIL 07 (mp).cbz,FAIRY TAIL,kindle
FAIRY TAIL 8,[真島ヒロ] FAIRY TAIL 08 (mp).cbz,FAIRY TAIL,kindle
FAIRY TAIL 45-50 超合本,[真島ヒロ] FAIRY TAIL 45-50 (mp).cbz,FAIRY TAIL,kindle
天上天下 1,[大暮維人] 天上天下 01 (color).cbz,天上天下,download
天上天下 2,[大暮維人] 天上天下 02 (color).cbz,天上天下,download
天上天下 3,[大暮維人] 天上天下 03 (color).cbz,天上天下,download
天上天下 4,[大暮維人] 天上天下 04 (color).cbz,天上天下,download
天上天下 5,[大暮維人] 天上天下 05 (color).cbz,天上天下,download
天上天下 6,[大暮維人] 天上天下 06 (color).cbz,天上天下,download
天上天下 7,[大暮維人] 天上天下 07 (color).cbz,天上天下,download
天上天下 8,[大暮維人] 天上天下 08 (color).cbz,天上天下,download
天上天下 9,[大暮維人] 天上天下 09 (color).cbz,天上天下,download
天上天下 10,[大暮維人] 天上天下 10 (color).cbz,天上天下,download
天上天下 11,[大暮維人] 天上天下 11 (color).cbz,天上天下,download
天上天下 12,[大暮維人] 天上天下 12 (color).cbz,天上天下,download
天上天下 13,[大暮維人] 天上天下 13 (color).cbz,天上天下,download
天上天下 14,[大暮維人] 天上天下 14 (color).cbz,天上天下,download
天上天下 15,[大暮維人] 天上天下 15 (color).cbz,天上天下,download
天上天下 16,[大暮維人] 天上天下 16 (color).cbz,天上天下,download
天上天下 17,[大暮維人] 天上天下 17 (color).cbz,天上天下,download
天上天下 18,[大暮維人] 天上天下 18 (color).cbz,天上天下,download
天上天下 19,[大暮維人] 天上天下 19 (color).cbz,天上天下,download
天上天下 20,[大暮維人] 天上天下 20 (color).cbz,天上天下,download
天上天下 21,[大暮維人] 天上天下 21 (color).cbz,天上天下,download
天上天下 22,[大暮維人] 天上天下 22 (color).cbz,天上天下,download
結界師 1,[田辺イエロウ] 結界師 01 (mp).cbz,結界師,kindle
結界師 2,[田辺イエロウ] 結界師 02 (mp).cbz,結界師,kindle
結界師 3,[田辺イエロウ] 結界師 03 (mp).cbz,結界師,kindle
結界師 4,[田辺イエロウ] 結界師 04 (mp).cbz,結界師,donwload
結界師 5,[田辺イエロウ] 結界師 05 (mp).cbz,結界師,donwload
結界師 6,[田辺イエロウ] 結界師 06.cbz,結界師,donwload
結界師 7,[田辺イエロウ] 結界師 07.cbz,結界師,donwload
結界師 8,[田辺イエロウ] 結界師 08.cbz,結界師,donwload
結界師 9,[田辺イエロウ] 結界師 09.cbz,結界師,donwload
結界師 10,[田辺イエロウ] 結界師 10.cbz,結界師,donwload
結界師 11,[田辺イエロウ] 結界師 11.cbz,結界師,donwload
結界師 12,[田辺イエロウ] 結界師 12.cbz,結界師,donwload
結界師 13,[田辺イエロウ] 結界師 13.cbz,結界師,donwload
結界師 14,[田辺イエロウ] 結界師 14.cbz,結界師,donwload
結界師 15,[田辺イエロウ] 結界師 15.cbz,結界師,donwload
結界師 16,[田辺イエロウ] 結界師 16.cbz,結界師,donwload
結界師 17,[田辺イエロウ] 結界師 17.cbz,結界師,donwload
結界師 18,[田辺イエロウ] 結界師 18.cbz,結界師,donwload
結界師 19,[田辺イエロウ] 結界師 19.cbz,結界師,donwload
結界師 20,[田辺イエロウ] 結界師 20.cbz,結界師,donwload
結界師 21,[田辺イエロウ] 結界師 21.cbz,結界師,donwload
結界師 22,[田辺イエロウ] 結界師 22.cbz,結界師,donwload
結界師 23,[田辺イエロウ] 結界師 23.cbz,結界師,donwload
結界師 24,[田辺イエロウ] 結界師 24.cbz,結界師,donwload
結界師 25,[田辺イエロウ] 結界師 25.cbz,結界師,donwload
結界師 26,[田辺イエロウ] 結界師 26.cbz,結界師,donwload余白あり
結界師 27,[田辺イエロウ] 結界師 27.cbz,結界師,donwload
結界師 28,[田辺イエロウ] 結界師 28.cbz,結界師,donwload
結界師 29,[田辺イエロウ] 結界師 29.cbz,結界師,donwload
結界師 30,[田辺イエロウ] 結界師 30.cbz,結界師,donwload
結界師 31,[田辺イエロウ] 結界師 31.cbz,結界師,donwload
結界師 32,[田辺イエロウ] 結界師 32.cbz,結界師,donwload
結界師 33,[田辺イエロウ] 結界師 33.cbz,結界師,donwload
結界師 34,[田辺イエロウ] 結界師 34.cbz,結界師,donwload
結界師 35,[田辺イエロウ] 結界師 35e.cbz,結界師,donwload
NARUTO 1,[岸本斉史] NARUTO 01 (color).cbz,NARUTO,download
NARUTO 2,[岸本斉史] NARUTO 02 (color).cbz,NARUTO,download
NARUTO 3,[岸本斉史] NARUTO 03 (color).cbz,NARUTO,download
NARUTO 4,[岸本斉史] NARUTO 04 (color).cbz,NARUTO,download
NARUTO 5,[岸本斉史] NARUTO 05 (color).cbz,NARUTO,download
NARUTO 6,[岸本斉史] NARUTO 06 (color).cbz,NARUTO,download
NARUTO 7,[岸本斉史] NARUTO 07 (color).cbz,NARUTO,download
NARUTO 8,[岸本斉史] NARUTO 08 (color).cbz,NARUTO,download
NARUTO 9,[岸本斉史] NARUTO 09 (color).cbz,NARUTO,download
NARUTO 10,[岸本斉史] NARUTO 10 (color).cbz,NARUTO,download
NARUTO 11,[岸本斉史] NARUTO 11 (color).cbz,NARUTO,download
NARUTO 12,[岸本斉史] NARUTO 12 (color).cbz,NARUTO,download
NARUTO 13,[岸本斉史] NARUTO 13 (color).cbz,NARUTO,download
NARUTO 14,[岸本斉史] NARUTO 14 (color).cbz,NARUTO,download
NARUTO 15,[岸本斉史] NARUTO 15 (color).cbz,NARUTO,download
NARUTO 16,[岸本斉史] NARUTO 16 (color).cbz,NARUTO,download
NARUTO 17,[岸本斉史] NARUTO 17 (color).cbz,NARUTO,download
NARUTO 18,[岸本斉史] NARUTO 18 (color).cbz,NARUTO,download
NARUTO 19,[岸本斉史] NARUTO 19 (color).cbz,NARUTO,download
NARUTO 20,[岸本斉史] NARUTO 20 (color).cbz,NARUTO,download
NARUTO 21,[岸本斉史] NARUTO 21 (color).cbz,NARUTO,download
NARUTO 22,[岸本斉史] NARUTO 22 (color).cbz,NARUTO,download
NARUTO 23,[岸本斉史] NARUTO 23 (color).cbz,NARUTO,download
NARUTO 24,[岸本斉史] NARUTO 24 (color).cbz,NARUTO,download
NARUTO 25,[岸本斉史] NARUTO 25 (color).cbz,NARUTO,download
NARUTO 26,[岸本斉史] NARUTO 26 (color).cbz,NARUTO,download
NARUTO 27,[岸本斉史] NARUTO 27 (color).cbz,NARUTO,download
NARUTO 28,[岸本斉史] NARUTO 28 (color).cbz,NARUTO,download
NARUTO 29,[岸本斉史] NARUTO 29 (color).cbz,NARUTO,download
NARUTO 30,[岸本斉史] NARUTO 30 (color).cbz,NARUTO,download
NARUTO 31,[岸本斉史] NARUTO 31 (color).cbz,NARUTO,download
NARUTO 32,[岸本斉史] NARUTO 32 (color).cbz,NARUTO,download
NARUTO 33,[岸本斉史] NARUTO 33 (color).cbz,NARUTO,download
NARUTO 34,[岸本斉史] NARUTO 34 (color).cbz,NARUTO,download
NARUTO 35,[岸本斉史] NARUTO 35 (color).cbz,NARUTO,download
NARUTO 36,[岸本斉史] NARUTO 36 (color).cbz,NARUTO,download
NARUTO 37,[岸本斉史] NARUTO 37 (color).cbz,NARUTO,download
NARUTO 38,[岸本斉史] NARUTO 38 (color).cbz,NARUTO,download
NARUTO 39,[岸本斉史] NARUTO 39 (color).cbz,NARUTO,download
NARUTO 40,[岸本斉史] NARUTO 40 (color).cbz,NARUTO,download
NARUTO 41,[岸本斉史] NARUTO 41 (color).cbz,NARUTO,download
NARUTO 42,[岸本斉史] NARUTO 42 (color).cbz,NARUTO,download
NARUTO 43,[岸本斉史] NARUTO 43 (color).cbz,NARUTO,download
NARUTO 44,[岸本斉史] NARUTO 44 (color).cbz,NARUTO,download
NARUTO 45,[岸本斉史] NARUTO 45 (color).cbz,NARUTO,download
NARUTO 46,[岸本斉史] NARUTO 46 (color).cbz,NARUTO,download
NARUTO 47,[岸本斉史] NARUTO 47 (color).cbz,NARUTO,download
NARUTO 48,[岸本斉史] NARUTO 48 (color).cbz,NARUTO,download
NARUTO 49,[岸本斉史] NARUTO 49 (color).cbz,NARUTO,download
NARUTO 50,[岸本斉史] NARUTO 50 (color).cbz,NARUTO,download
NARUTO 51,[岸本斉史] NARUTO 51 (color).cbz,NARUTO,download
NARUTO 52,[岸本斉史] NARUTO 52 (color).cbz,NARUTO,download
NARUTO 53,[岸本斉史] NARUTO 53 (color).cbz,NARUTO,download
NARUTO 54,[岸本斉史] NARUTO 54 (color).cbz,NARUTO,download
NARUTO 55,[岸本斉史] NARUTO 55 (color).cbz,NARUTO,download
NARUTO 56,[岸本斉史] NARUTO 56 (color).cbz,NARUTO,download
NARUTO 57,[岸本斉史] NARUTO 57 (color).cbz,NARUTO,download
NARUTO 58,[岸本斉史] NARUTO 58 (color).cbz,NARUTO,download
NARUTO 59,[岸本斉史] NARUTO 59 (color).cbz,NARUTO,download
NARUTO 60,[岸本斉史] NARUTO 60 (color).cbz,NARUTO,download
NARUTO 61,[岸本斉史] NARUTO 61 (color).cbz,NARUTO,download
NARUTO 62,[岸本斉史] NARUTO 62 (color).cbz,NARUTO,download
NARUTO 63,[岸本斉史] NARUTO 63 (color).cbz,NARUTO,download
NARUTO 64,[岸本斉史] NARUTO 64 (color).cbz,NARUTO,download
NARUTO 65,[岸本斉史] NARUTO 65 (color).cbz,NARUTO,download
NARUTO 66,[岸本斉史] NARUTO 66 (color).cbz,NARUTO,download
NARUTO 67,[岸本斉史] NARUTO 67 (color).cbz,NARUTO,download
NARUTO 68,[岸本斉史] NARUTO 68 (color).cbz,NARUTO,download
NARUTO 69,[岸本斉史] NARUTO 69 (color).cbz,NARUTO,download
NARUTO 70,[岸本斉史] NARUTO 70 (color).cbz,NARUTO,download
NARUTO 71,[岸本斉史] NARUTO 71 (color).cbz,NARUTO,download
NARUTO 72,[岸本斉史] NARUTO 72 (color).cbz,NARUTO,download
BLEACH 1,[久保帯人] BLEACH 01 (color).cbz,BLEACH,download
BLEACH 2,[久保帯人] BLEACH 02 (color).cbz,BLEACH,download
BLEACH 3,[久保帯人] BLEACH 03 (color).cbz,BLEACH,download
BLEACH 4,[久保帯人] BLEACH 04 (color).cbz,BLEACH,download
BLEACH 5,[久保帯人] BLEACH 05 (color).cbz,BLEACH,download
BLEACH 6,[久保帯人] BLEACH 06 (color).cbz,BLEACH,download
BLEACH 7,[久保帯人] BLEACH 07 (color).cbz,BLEACH,download
BLEACH 8,[久保帯人] BLEACH 08 (color).cbz,BLEACH,download
BLEACH 9,[久保帯人] BLEACH 09 (color).cbz,BLEACH,download
BLEACH 10,[久保帯人] BLEACH 10 (color).cbz,BLEACH,download
BLEACH 11,[久保帯人] BLEACH 11 (color).cbz,BLEACH,download
BLEACH 12,[久保帯人] BLEACH 12 (color).cbz,BLEACH,download
BLEACH 13,[久保帯人] BLEACH 13 (color).cbz,BLEACH,download
BLEACH 14,[久保帯人] BLEACH 14 (color).cbz,BLEACH,download
BLEACH 15,[久保帯人] BLEACH 15 (color).cbz,BLEACH,download
BLEACH 16,[久保帯人] BLEACH 16 (color).cbz,BLEACH,download
BLEACH 17,[久保帯人] BLEACH 17 (color).cbz,BLEACH,download
BLEACH 18,[久保帯人] BLEACH 18 (color).cbz,BLEACH,download
BLEACH 19,[久保帯人] BLEACH 19 (color).cbz,BLEACH,download
BLEACH 20,[久保帯人] BLEACH 20 (color).cbz,BLEACH,download
BLEACH 21,[久保帯人] BLEACH 21 (color).cbz,BLEACH,download
BLEACH 22,[久保帯人] BLEACH 22 (color).cbz,BLEACH,download
BLEACH 23,[久保帯人] BLEACH 23 (color).cbz,BLEACH,download
BLEACH 24,[久保帯人] BLEACH 24 (color).cbz,BLEACH,download
BLEACH 25,[久保帯人] BLEACH 25 (color).cbz,BLEACH,download
BLEACH 26,[久保帯人] BLEACH 26 (color).cbz,BLEACH,download
BLEACH 27,[久保帯人] BLEACH 27 (color).cbz,BLEACH,download
BLEACH 28,[久保帯人] BLEACH 28 (color).cbz,BLEACH,download
BLEACH 29,[久保帯人] BLEACH 29 (color).cbz,BLEACH,download
BLEACH 30,[久保帯人] BLEACH 30 (color).cbz,BLEACH,download
BLEACH 31,[久保帯人] BLEACH 31 (color).cbz,BLEACH,download
BLEACH 32,[久保帯人] BLEACH 32 (color).cbz,BLEACH,download
BLEACH 33,[久保帯人] BLEACH 33 (color).cbz,BLEACH,download
BLEACH 34,[久保帯人] BLEACH 34 (color).cbz,BLEACH,download
BLEACH 35,[久保帯人] BLEACH 35 (color).cbz,BLEACH,download
BLEACH 36,[久保帯人] BLEACH 36 (color).cbz,BLEACH,download
BLEACH 37,[久保帯人] BLEACH 37 (color).cbz,BLEACH,download
BLEACH 38,[久保帯人] BLEACH 38 (color).cbz,BLEACH,download
BLEACH 39,[久保帯人] BLEACH 39 (color).cbz,BLEACH,download
BLEACH 40,[久保帯人] BLEACH 40 (color).cbz,BLEACH,download
BLEACH 41,[久保帯人] BLEACH 41 (color).cbz,BLEACH,download
BLEACH 42,[久保帯人] BLEACH 42 (color).cbz,BLEACH,download
BLEACH 43,[久保帯人] BLEACH 43 (color).cbz,BLEACH,download
BLEACH 44,[久保帯人] BLEACH 44 (color).cbz,BLEACH,download
BLEACH 45,[久保帯人] BLEACH 45 (color).cbz,BLEACH,download
BLEACH 46,[久保帯人] BLEACH 46 (color).cbz,BLEACH,download
BLEACH 47,[久保帯人] BLEACH 47 (color).cbz,BLEACH,download
BLEACH 48,[久保帯人] BLEACH 48 (color).cbz,BLEACH,download
BLEACH 49,[久保帯人] BLEACH 49 (color).cbz,BLEACH,download
BLEACH 50,[久保帯人] BLEACH 50 (color).cbz,BLEACH,download
BLEACH 51,[久保帯人] BLEACH 51 (color).cbz,BLEACH,download
BLEACH 52,[久保帯人] BLEACH 52 (color).cbz,BLEACH,download
BLEACH 53,[久保帯人] BLEACH 53 (color).cbz,BLEACH,download
BLEACH 54,[久保帯人] BLEACH 54 (color).cbz,BLEACH,download
BLEACH 55,[久保帯人] BLEACH 55 (color).cbz,BLEACH,download
BLEACH 56,[久保帯人] BLEACH 56 (color).cbz,BLEACH,download
BLEACH 57,[久保帯人] BLEACH 57 (color).cbz,BLEACH,download
BLEACH 58,[久保帯人] BLEACH 58 (color).cbz,BLEACH,download
BLEACH 59,[久保帯人] BLEACH 59 (color).cbz,BLEACH,download
BLEACH 60,[久保帯人] BLEACH 60 (color).cbz,BLEACH,download
BLEACH 61,[久保帯人] BLEACH 61 (color).cbz,BLEACH,download
BLEACH 62,[久保帯人] BLEACH 62 (color).cbz,BLEACH,download
BLEACH 63,[久保帯人] BLEACH 63 (color).cbz,BLEACH,download
BLEACH 64,[久保帯人] BLEACH 64 (color).cbz,BLEACH,download
BLEACH 65,[久保帯人] BLEACH 65 (color).cbz,BLEACH,download
BLEACH 66,[久保帯人] BLEACH 66 (color).cbz,BLEACH,download
BLEACH 67,[久保帯人] BLEACH 67 (color).cbz,BLEACH,download
BLEACH 68,[久保帯人] BLEACH 68 (color).cbz,BLEACH,download
BLEACH 69,[久保帯人] BLEACH 69 (color).cbz,BLEACH,download
BLEACH 70,[久保帯人] BLEACH 70 (color).cbz,BLEACH,download
BLEACH 71,[久保帯人] BLEACH 71 (color).cbz,BLEACH,download
BLEACH 72,[久保帯人] BLEACH 72 (color).cbz,BLEACH,download
BLEACH 73,[久保帯人] BLEACH 73 (color).cbz,BLEACH,download
BLEACH 74,[久保帯人] BLEACH 74 (color).cbz,BLEACH,download
幽☆遊☆白書 01,[冨樫義博] 幽☆遊☆白書 01 (color mp).cbz,幽☆遊☆白書,kindle
幽☆遊☆白書 02,[冨樫義博] 幽☆遊☆白書 02 (color mp).cbz,幽☆遊☆白書,kindle
幽☆遊☆白書 03,[冨樫義博] 幽☆遊☆白書 03 (color mp).cbz,幽☆遊☆白書,kindle
幽☆遊☆白書 04,[冨樫義博] 幽☆遊☆白書 04 (color mp).cbz,幽☆遊☆白書,kindle
幽☆遊☆白書 05,[冨樫義博] 幽☆遊☆白書 05 (color mp).cbz,幽☆遊☆白書,kindle
幽☆遊☆白書 06,[冨樫義博] 幽☆遊☆白書 06 (color mp).cbz,幽☆遊☆白書,kindle
幽☆遊☆白書 07,[冨樫義博] 幽☆遊☆白書 07 (color mp).cbz,幽☆遊☆白書,kindle
幽☆遊☆白書 08,[冨樫義博] 幽☆遊☆白書 08 (color mp).cbz,幽☆遊☆白書,kindle
幽☆遊☆白書 09,[冨樫義博] 幽☆遊☆白書 09 (color mp).cbz,幽☆遊☆白書,kindle
幽☆遊☆白書 10,[冨樫義博] 幽☆遊☆白書 10 (color mp).cbz,幽☆遊☆白書,kindle
幽☆遊☆白書 11,[冨樫義博] 幽☆遊☆白書 11 (color mp).cbz,幽☆遊☆白書,kindle
幽☆遊☆白書 12,[冨樫義博] 幽☆遊☆白書 12 (color mp).cbz,幽☆遊☆白書,kindle
幽☆遊☆白書 13,[冨樫義博] 幽☆遊☆白書 13 (color mp).cbz,幽☆遊☆白書,kindle
幽☆遊☆白書 14,[冨樫義博] 幽☆遊☆白書 14 (color mp).cbz,幽☆遊☆白書,kindle
幽☆遊☆白書 15,[冨樫義博] 幽☆遊☆白書 15 (color mp).cbz,幽☆遊☆白書,kindle
幽☆遊☆白書 16,[冨樫義博] 幽☆遊☆白書 16 (color mp).cbz,幽☆遊☆白書,kindle
幽☆遊☆白書 17,[冨樫義博] 幽☆遊☆白書 17 (color mp).cbz,幽☆遊☆白書,kindle
幽☆遊☆白書 18,[冨樫義博] 幽☆遊☆白書 18 (color mp).cbz,幽☆遊☆白書,kindle
幽☆遊☆白書 19,[冨樫義博] 幽☆遊☆白書 19 (color mpe).cbz,幽☆遊☆白書,kindle
EDEDS ZERO 1,真島ヒロ_EDENS-ZERO_01.cbz,EDENS-ZERO,kindle
EDEDS ZERO 2,真島ヒロ_EDENS-ZERO_02.cbz,EDENS-ZERO,kindle
EDEDS ZERO 3,真島ヒロ_EDENS-ZERO_03.cbz,EDENS-ZERO,kindle
EDEDS ZERO 4,真島ヒロ_EDENS-ZERO_04.cbz,EDENS-ZERO,kindle
EDEDS ZERO 5,真島ヒロ_EDENS-ZERO_05.cbz,EDENS-ZERO,kindle
EDEDS ZERO 6,真島ヒロ_EDENS-ZERO_06.cbz,EDENS-ZERO,kindle
EDEDS ZERO 7,真島ヒロ_EDENS-ZERO_07.cbz,EDENS-ZERO,kindle
EDEDS ZERO 8,真島ヒロ_EDENS-ZERO_08.cbz,EDENS-ZERO,kindle
EDEDS ZERO 9,真島ヒロ_EDENS-ZERO_09.cbz,EDENS-ZERO,kindle
EDEDS ZERO 10,真島ヒロ_EDENS-ZERO_10.cbz,EDENS-ZERO,kindle
EDEDS ZERO 11,真島ヒロ_EDENS-ZERO_11.cbz,EDENS-ZERO,kindle
EDEDS ZERO 12,真島ヒロ_EDENS-ZERO_12.cbz,EDENS-ZERO,kindle
EDEDS ZERO 13,真島ヒロ_EDENS-ZERO_13.cbz,EDENS-ZERO,kindle
EDEDS ZERO 14,真島ヒロ_EDENS-ZERO_14.cbz,EDENS-ZERO,kindle
EDEDS ZERO 15,真島ヒロ_EDENS-ZERO_15.cbz,EDENS-ZERO,kindle
EDEDS ZERO 16,真島ヒロ_EDENS-ZERO_16.cbz,EDENS-ZERO,kindle,2021/07/28
EDEDS ZERO 17,真島ヒロ_EDENS-ZERO_17.cbz,EDENS-ZERO,kindle,2021/09/17
EDEDS ZERO 18,真島ヒロ_EDENS-ZERO_18.cbz,EDENS-ZERO,dmm,2021/11/17
EDEDS ZERO 19,真島ヒロ_EDENS-ZERO_19.cbz,EDENS-ZERO,dmm,2022/02/17
EDEDS ZERO 20,真島ヒロ_EDENS-ZERO_20.cbz,EDENS-ZERO,dmm,2022/04/15
呪術廻戦 00,芥見下々_呪術廻戦_00_.cbz,呪術廻戦,kindle
呪術廻戦 01,芥見下々_呪術廻戦_01.cbz,呪術廻戦,kindle
呪術廻戦 02,芥見下々_呪術廻戦_02.cbz,呪術廻戦,kindle
呪術廻戦 03,芥見下々_呪術廻戦_03.cbz,呪術廻戦,kindle
呪術廻戦 04,芥見下々_呪術廻戦_04.cbz,呪術廻戦,kindle
呪術廻戦 05,芥見下々_呪術廻戦_05.cbz,呪術廻戦,kindle
呪術廻戦 06,芥見下々_呪術廻戦_06.cbz,呪術廻戦,kindle
呪術廻戦 07,芥見下々_呪術廻戦_07.cbz,呪術廻戦,kindle
呪術廻戦 08,芥見下々_呪術廻戦_08.cbz,呪術廻戦,kindle,2021/12/28
呪術廻戦 09,芥見下々_呪術廻戦_09_.cbz,呪術廻戦,kindle
呪術廻戦 10,芥見下々_呪術廻戦_10.cbz,呪術廻戦,kindle
呪術廻戦 11,芥見下々_呪術廻戦_11.cbz,呪術廻戦,kindle
呪術廻戦 12,芥見下々_呪術廻戦_12.cbz,呪術廻戦,kindle
呪術廻戦 13,芥見下々_呪術廻戦_13.cbz,呪術廻戦,kindle
呪術廻戦 14,芥見下々_呪術廻戦_14.cbz,呪術廻戦,kindle
呪術廻戦 15,芥見下々_呪術廻戦_15.cbz,呪術廻戦,kindle
呪術廻戦 16,芥見下々_呪術廻戦_16.cbz,呪術廻戦,dmm
呪術廻戦 17,芥見下々_呪術廻戦_17.cbz,呪術廻戦,dmm,2021/10/08
呪術廻戦 18,芥見下々_呪術廻戦_18.cbz,呪術廻戦,dmm,2021/12/27
呪術廻戦 19,芥見下々_呪術廻戦_19.cbz,呪術廻戦,dmm,2022/04/06
BURN THE WITCH 1,久保帯人_BURN_THE_WITCH_01_13.cbz,BURN THE WITCH,kindle
エア・ギア UNLIMITED 1,大暮維人_エア・ギア-UNLIMITED_01.cbz,エア・ギア,kindle,2021/07/28
エア・ギア UNLIMITED 2,大暮維人_エア・ギア-UNLIMITED_02.cbz,エア・ギア,kindle,2021/07/28
エア・ギア UNLIMITED 3,大暮維人_エア・ギア-UNLIMITED_03.cbz,エア・ギア,kindle,2021/07/28
エア・ギア UNLIMITED 4,大暮維人_エア・ギア-UNLIMITED_04.cbz,エア・ギア,kindle,2021/07/28
エア・ギア UNLIMITED 5,大暮維人_エア・ギア-UNLIMITED_05.cbz,エア・ギア,kindle,2021/07/28
エア・ギア UNLIMITED 6,大暮維人_エア・ギア-UNLIMITED_06.cbz,エア・ギア,kindle,2021/07/28
エア・ギア UNLIMITED 7,大暮維人_エア・ギア-UNLIMITED_07.cbz,エア・ギア,kindle,2021/07/28
エア・ギア UNLIMITED 8,大暮維人_エア・ギア-UNLIMITED_08.cbz,エア・ギア,kindle,2021/07/28
エア・ギア UNLIMITED 9,大暮維人_エア・ギア-UNLIMITED_09.cbz,エア・ギア,kindle,2021/07/28
双星の陰陽師 22,[助野嘉昭] 双星の陰陽師 22.cbz,双星の陰陽師,download
ラストギアス 1,高橋脩_ラストギアス_01.cbz,ラストギアス,kindle
ラストギアス 2,高橋脩_ラストギアス_02.cbz,ラストギアス,kindle
ラストギアス 3,高橋脩_ラストギアス_03.cbz,ラストギアス,kindle
ラストギアス 4,高橋脩_ラストギアス_04.cbz,ラストギアス,kindle
ラストギアス 5,高橋脩_ラストギアス_05.cbz,ラストギアス,kindle
ラストギアス 6,高橋脩_ラストギアス_06.cbz,ラストギアス,kindle,2022/02/17
D.Gray-man 1,星野桂_D.Gray-man_01.cbz,D.Gray-man,kindle
D.Gray-man 2,星野桂_D.Gray-man_02.cbz,D.Gray-man,kindle
D.Gray-man 3,星野桂_D.Gray-man_03.cbz,D.Gray-man,kindle
D.Gray-man 4,星野桂_D.Gray-man_04.cbz,D.Gray-man,kindle
D.Gray-man 5,星野桂_D.Gray-man_05.cbz,D.Gray-man,kindle
D.Gray-man 27,[星野桂] D.Gray-man 27 (mp).cbz,D.Gray-man,kindle
魔童タイガ 1,[井荻寿一] 魔童タイガ 01 (mp).cbz,魔童タイガ,kindle
魔童タイガ 2,[井荻寿一] 魔童タイガ 02 (mp).cbz,魔童タイガ,kindle
魔童タイガ 3,[井荻寿一] 魔童タイガ 03 (mp).cbz,魔童タイガ,kindle
魔童タイガ 4,[井荻寿一] 魔童タイガ 04 (mp).cbz,魔童タイガ,kindle
タマロワ 2,[まりお×山口ミコト] タマロワ 02 (mp).cbz,タマロワ,kindle
タマロワ 3,[まりお×山口ミコト] タマロワ 03 (mp).cbz,タマロワ,kindle
タマロワ 4,まりお_タマロワ_04.cbz,タマロワ,kindle,2020/12/13
タマロワ 7,まりお_タマロワ_07.cbz,タマロワ,dmm,2022/03/09
DEATHTOPIA 1,[山田恵庸] DEATHTOPIA 01 (mp).cbz,DEATHTOPIA,kindle
DEATHTOPIA 2,[山田恵庸] DEATHTOPIA 02 (mp).cbz,DEATHTOPIA,kindle
あらくさ忍法帖 1 [電子版おまけ付き],[春輝] あらくさ忍法帖 01 (mpt).cbz,あらくさ忍法帖,kindle
あらくさ忍法帖 2,春輝_あらくさ忍法帖_02.cbz,あらくさ忍法帖,kindle,2020/12/13
あらくさ忍法帖 3,春輝_あらくさ忍法帖_03.cbz,あらくさ忍法帖,kindle,2021/07/06
あらくさ忍法帖 4,春輝_あらくさ忍法帖_04.cbz,あらくさ忍法帖,dmm,2022/02/25
あらくさ忍法帖 5,春輝_あらくさ忍法帖_05.cbz,あらくさ忍法帖,dmm,2022/04/27
戦×恋 1 セミカラー版,[朝倉亮介] 戦×恋 01 (semicolor mp).cbz,戦×恋,kindle
戦×恋 2 セミカラー版,朝倉亮介_戦×恋_02s.cbz,戦×恋,kindle,2021/08/02
戦×恋 3 セミカラー版,朝倉亮介_戦×恋_03s.cbz,戦×恋,kindle,2021/08/02
戦×恋 4 セミカラー版,朝倉亮介_戦×恋_04s.cbz,戦×恋,kindle,2021/08/02
戦×恋 5 セミカラー版,朝倉亮介_戦×恋_05s.cbz,戦×恋,kindle,2021/08/02
戦×恋 6 セミカラー版,朝倉亮介_戦×恋_06s.cbz,戦×恋,kindle,2021/08/02
FAIRY TAIL 100 YEARS QUEST 1,[上田敦夫×真島ヒロ] FAIRY TAIL 100 YEARS QUEST 01 (mp).cbz,FAIRY TAIL 100 YEARS QUEST,kindle
Dies irae ~Amantes amentes~ 1,[港川一臣] Dies irae ~Amantes amentes~ 01 (mp).cbz,Dies irae ~Amantes amentes~,Kindle
Dies irae ~Amantes amentes~ 2,[港川一臣] Dies irae ~Amantes amentes~ 02 (mp).cbz,Dies irae ~Amantes amentes~,Kindle
Dies irae ~Amantes amentes~ 3,[港川一臣] Dies irae ~Amantes amentes~ 03 (mp).cbz,Dies irae ~Amantes amentes~,Kindle
Dies irae ~Amantes amentes~ 4,[港川一臣] Dies irae ~Amantes amentes~ 04 (mp).cbz,Dies irae ~Amantes amentes~,Kindle
RaW HERO 1,[平本アキラ] RaW HERO 01 (mp).cbz,RaW HERO,kindle
FAIRY TAIL CITY HERO 1,[安東汐] FAIRY TAIL CITY HERO 01 (mp).cbz,FAIRY TAIL CITY HERO,kindle
カイカンドウキ 1,本名ワコウ_カイカンドウキ_01.cbz,カイカンドウキ,kindle
カイカンドウキ 2,本名ワコウ_カイカンドウキ_02.cbz,カイカンドウキ,kindle
カイカンドウキ 3,本名ワコウ_カイカンドウキ_03.cbz,カイカンドウキ,kindle
カイカンドウキ 4,本名ワコウ_カイカンドウキ_04.cbz,カイカンドウキ,kindle
カイカンドウキ 5,本名ワコウ_カイカンドウキ_05.cbz,カイカンドウキ,kindle
カイカンドウキ 6,本名ワコウ_カイカンドウキ_06.cbz,カイカンドウキ,kindle
カイカンドウキ 7,本名ワコウ_カイカンドウキ_07.cbz,カイカンドウキ,kindle
カイカンドウキ 8,本名ワコウ_カイカンドウキ_08.cbz,カイカンドウキ,kindle
カイカンドウキ 9,本名ワコウ_カイカンドウキ_09.cbz,カイカンドウキ,dmm,2021/11/17
カレシがいるのに 1,[柚木N'] カレシがいるのに 01 (mp).cbz,カレシがいるのに,kindle
カレシがいるのに 2,柚木N'_カレシがいるのに_02.cbz,カレシがいるのに,dmm,2022/01/07
性食鬼 Aliens Meet Girls 1,或十せねか_性食鬼-Aliens-Meet-Girls_01.cbz,性食鬼-Aliens-Meet-Girls,kindle,2022/01/27
性食鬼 Aliens Meet Girls 2,或十せねか_性食鬼-Aliens-Meet-Girls_02.cbz,性食鬼-Aliens-Meet-Girls,kindle,2022/01/27
性食鬼 Aliens Meet Girls 3,或十せねか_性食鬼-Aliens-Meet-Girls_03.cbz,性食鬼-Aliens-Meet-Girls,dmm,2022/01/20
雪女と蟹を食う 1,Gino0808_雪女と蟹を食う_01.cbz,雪女と蟹を食う,kindle
雪女と蟹を食う 2,Gino0808_雪女と蟹を食う_02.cbz,雪女と蟹を食う,kindle
雪女と蟹を食う 3,Gino0808_雪女と蟹を食う_03.cbz,雪女と蟹を食う,kindle
雪女と蟹を食う 4,Gino0808_雪女と蟹を食う_04.cbz,雪女と蟹を食う,kindle
雪女と蟹を食う 5,Gino0808_雪女と蟹を食う_05.cbz,雪女と蟹を食う,kindle
雪女と蟹を食う 6,Gino0808_雪女と蟹を食う_06.cbz,雪女と蟹を食う,kindle
雪女と蟹を食う 7,Gino0808_雪女と蟹を食う_07.cbz,雪女と蟹を食う,kindle,2020/12/04
雪女と蟹を食う 8,Gino0808_雪女と蟹を食う_08.cbz,雪女と蟹を食う,kindle,2020/12/04
俺の現実は恋愛ゲーム？？ 1,[彭傑&奈栩×わるいおとこ] 俺の現実は恋愛ゲーム？？ 01 (mp).cbz,俺の現実は恋愛ゲーム？？,kindle
俺の現実は恋愛ゲーム？？ 9,[彭傑&奈栩×わるいおとこ] 俺の現実は恋愛ゲーム？？ 09 (mp).cbz,俺の現実は恋愛ゲーム？？,kindle
俺の現実は恋愛ゲーム？？ 10,彭傑&奈栩_俺の現実は恋愛ゲーム？？_10.cbz,俺の現実は恋愛ゲーム？？,kindle
俺の現実は恋愛ゲーム？？ 11,彭傑&奈栩_俺の現実は恋愛ゲーム？？_11.cbz,俺の現実は恋愛ゲーム？？,kindle
俺の現実は恋愛ゲーム？？ 12,彭傑&奈栩_俺の現実は恋愛ゲーム？？_12.cbz,俺の現実は恋愛ゲーム？？,kindle,2021/08/17
俺の現実は恋愛ゲーム？？ 13,彭傑&奈栩_俺の現実は恋愛ゲーム？？_13.cbz,俺の現実は恋愛ゲーム？？,dmm,2021/12/10
俺の現実は恋愛ゲーム？？ 14,彭傑&奈栩_俺の現実は恋愛ゲーム？？_14.cbz,俺の現実は恋愛ゲーム？？,dmm,2022/05/12
賭ケグルイ 12,[尚村透×河本ほむら] 賭ケグルイ 12.cbz,賭ケグルイ,download
賭ケグルイ 13,[尚村透×河本ほむら] 賭ケグルイ 13.cbz,賭ケグルイ,download
その着せ替え人形は恋をする 1,[福田晋一] その着せ替え人形は恋をする 01.cbz,その着せ替え人形は恋をする,download
その着せ替え人形は恋をする 2,[福田晋一] その着せ替え人形は恋をする 02.cbz,その着せ替え人形は恋をする,download
その着せ替え人形は恋をする 3,[福田晋一] その着せ替え人形は恋をする 03.cbz,その着せ替え人形は恋をする,download
その着せ替え人形は恋をする 4,[福田晋一] その着せ替え人形は恋をする 04.cbz,その着せ替え人形は恋をする,download
その着せ替え人形は恋をする 5,[福田晋一] その着せ替え人形は恋をする 05.cbz,その着せ替え人形は恋をする,download
ドリーム・パラダイス！！ 1,HB_ドリーム・パラダイス！！_01.cbz,ドリーム・パラダイス！！,kindle
ドリーム・パラダイス！！ 2,HB_ドリーム・パラダイス！！_02.cbz,ドリーム・パラダイス！！,kindle
ドリーム・パラダイス！！ 3,HB_ドリーム・パラダイス！！_03.cbz,ドリーム・パラダイス！！,kindle
ドリーム・パラダイス！！ 4,HB_ドリーム・パラダイス！！_04.cbz,ドリーム・パラダイス！！,kindle
ドリーム・パラダイス！！ 5,HB_ドリーム・パラダイス！！_05.cbz,ドリーム・パラダイス！！,kindle
ドリーム・パラダイス！！ 6,HB_ドリーム・パラダイス！！_06.cbz,ドリーム・パラダイス！！,kindle
ドリーム・パラダイス！！ 7,HB_ドリーム・パラダイス！！_07.cbz,ドリーム・パラダイス！！,dmm,2021/12/27
ドリーム・パラダイス！！ 8,HB_ドリーム・パラダイス！！_08.cbz,ドリーム・パラダイス！！,dmm,2021/12/28
ドリーム・パラダイス！！ 9,HB_ドリーム・パラダイス！！_09.cbz,ドリーム・パラダイス！！,dmm,2021/12/28
終末のハーレム 1,宵野コタロー_終末のハーレム_01s.cbz,終末のハーレム,kindle,2021/10/07
終末のハーレム 2,宵野コタロー_終末のハーレム_02s.cbz,終末のハーレム,kindle,2021/10/07
終末のハーレム 3,宵野コタロー_終末のハーレム_03s.cbz,終末のハーレム,kindle,2021/10/07
終末のハーレム 4,宵野コタロー_終末のハーレム_04s.cbz,終末のハーレム,kindle,2022/01/07
終末のハーレム 5,宵野コタロー_終末のハーレム_05s.cbz,終末のハーレム,kindle,2022/01/07
終末のハーレム 6,宵野コタロー_終末のハーレム_06s.cbz,終末のハーレム,dmm,2022/03/07
終末のハーレム 10,[宵野コタローxLINK] 終末のハーレム 10 (semicolor mp).cbz,終末のハーレム,kindle
終末のハーレム 11,[宵野コタローxLINK] 終末のハーレム 11 (semicolor mp).cbz,終末のハーレム,kindle
終末のハーレム 12,[宵野コタローxLINK] 終末のハーレム 12 (semicolor mp).cbz,終末のハーレム,kindle
終末のハーレム 13,宵野コタロー_終末のハーレム_13s.cbz,終末のハーレム,dmm,2021/10/08
終末のハーレム 14,宵野コタロー_終末のハーレム_14s.cbz,終末のハーレム,kindle,2022/01/07
終末のハーレム 15,宵野コタロー_終末のハーレム_15s.cbz,終末のハーレム,dmm,2022/05/10
魔都精兵のスレイブ 1,竹村洋平_魔都精兵のスレイブ_01.cbz,魔都精兵のスレイブ,kindle
魔都精兵のスレイブ 2,竹村洋平_魔都精兵のスレイブ_02.cbz,魔都精兵のスレイブ,kindle
魔都精兵のスレイブ 3,竹村洋平_魔都精兵のスレイブ_03.cbz,魔都精兵のスレイブ,kindle
魔都精兵のスレイブ 4,竹村洋平_魔都精兵のスレイブ_04.cbz,魔都精兵のスレイブ,kindle
魔都精兵のスレイブ 5,竹村洋平_魔都精兵のスレイブ_05.cbz,魔都精兵のスレイブ,kindle
魔都精兵のスレイブ 6,竹村洋平_魔都精兵のスレイブ_06.cbz,魔都精兵のスレイブ,kindle
魔都精兵のスレイブ 7,竹村洋平_魔都精兵のスレイブ_07.cbz,魔都精兵のスレイブ,kindle
魔都精兵のスレイブ 8,竹村洋平_魔都精兵のスレイブ_08.cbz,魔都精兵のスレイブ,kindle
魔都精兵のスレイブ 10,竹村洋平_魔都精兵のスレイブ_10.cbz,魔都精兵のスレイブ,dmm,2022/05/02
DEATH NOTE 1 カラー版,[小畑健×大場つぐみ] DEATH NOTE 01 (color mp).cbz,DEATH NOTE,kindle
DEATH NOTE 2 カラー版,[小畑健×大場つぐみ] DEATH NOTE 02 (color mp).cbz,DEATH NOTE,kindle
DEATH NOTE 3 カラー版,[小畑健×大場つぐみ] DEATH NOTE 03 (color mp).cbz,DEATH NOTE,kindle
淫らな邪教に巣喰うモノ 1,[原つもい] 淫らな邪教に巣喰うモノ 01 (p).cbz,淫らな邪教に巣喰うモノ,download
淫らな邪教に巣喰うモノ 2,[原つもい] 淫らな邪教に巣喰うモノ 02 (p).cbz,淫らな邪教に巣喰うモノ,download
ZINGNIZE 1 電子特典付きold,[わらいなく] ZINGNIZE 01 (mpt).cbz,ZINGNIZE,kindle
ZINGNIZE 1 電子特典付き,わらいなく_ZINGNIZE_01t.cbz,ZINGNIZE,kindle
ZINGNIZE 2 電子特典付き,わらいなく_ZINGNIZE_02t.cbz,ZINGNIZE,kindle
ZINGNIZE 3 電子特典付き,わらいなく_ZINGNIZE_03t.cbz,ZINGNIZE,kindle
涼風 超合本 1,[瀬尾公治] 涼風 超合本 01 (mp).cbz,涼風,kindle
君のいる町 超合本 1,[瀬尾公治] 君のいる町 超合本版 01 (mp).cbz,君のいる町,kindle
電影少女 1,[桂正和] 電影少女 01 (mp).cbz,電影少女,kindle
寄性獣医・鈴音 1,[春輝] 寄性獣医・鈴音 01 (mp).cbz,寄性獣医・鈴音,kindle
寄性獣医・鈴音 2,[春輝] 寄性獣医・鈴音 02 (mp).cbz,寄性獣医・鈴音,kindle
寄性獣医・鈴音 3,[春輝] 寄性獣医・鈴音 03 (mp).cbz,寄性獣医・鈴音,kindle
寄性獣医・鈴音 4,[春輝] 寄性獣医・鈴音 04 (mp).cbz,寄性獣医・鈴音,kindle
寄性獣医・鈴音 5,[春輝] 寄性獣医・鈴音 05 (mp).cbz,寄性獣医・鈴音,kindle
寄性獣医・鈴音 6,[春輝] 寄性獣医・鈴音 06 (mp).cbz,寄性獣医・鈴音,kindle
寄性獣医・鈴音 7,[春輝] 寄性獣医・鈴音 07 (mp).cbz,寄性獣医・鈴音,kindle
寄性獣医・鈴音 8,[春輝] 寄性獣医・鈴音 08 (mp).cbz,寄性獣医・鈴音,kindle
寄性獣医・鈴音 9,[春輝] 寄性獣医・鈴音 09 (mp).cbz,寄性獣医・鈴音,kindle
寄性獣医・鈴音 10,[春輝] 寄性獣医・鈴音 10 (mp).cbz,寄性獣医・鈴音,kindle
寄性獣医・鈴音 11,[春輝] 寄性獣医・鈴音 11 (mp).cbz,寄性獣医・鈴音,kindle
寄性獣医・鈴音 12,[春輝] 寄性獣医・鈴音 12 (mp).cbz,寄性獣医・鈴音,kindle
彼女ガチャ 1,[吉宗] 彼女ガチャ 01 (mp).cbz,彼女ガチャ,kindle
永世乙女の戦い方 1,[くずしろ] 永世乙女の戦い方 01 (mp).cbz,永世乙女の戦い方,kindle
金魚妻 1,[黒澤R] 金魚妻 01 (mp).cbz,金魚妻,kindle
キリングバイツ 1,[隅田かずあさ×村田真哉] キリングバイツ 01 (mp).cbz,キリングバイツ,kindle
キリングバイツ 2,[隅田かずあさ×村田真哉] キリングバイツ 02 (mp).cbz,キリングバイツ,kindle
キリングバイツ 3,[隅田かずあさ×村田真哉] キリングバイツ 03 (mp).cbz,キリングバイツ,kindle
キリングバイツ 4,[隅田かずあさ×村田真哉] キリングバイツ 04 (mp).cbz,キリングバイツ,kindle
五等分の花嫁 1,[春場ねぎ] 五等分の花嫁 01 (mp).cbz,五等分の花嫁,kindle
五等分の花嫁 1 カラー版,春場ねぎ_五等分の花嫁_01c.cbz,五等分の花嫁,kindle
五等分の花嫁 2 カラー版,春場ねぎ_五等分の花嫁_02c.cbz,五等分の花嫁,kindle,2020/10/28
五等分の花嫁 3 カラー版,春場ねぎ_五等分の花嫁_03c.cbz,五等分の花嫁,kindle,2020/11/02
五等分の花嫁 4 カラー版,春場ねぎ_五等分の花嫁_04c.cbz,五等分の花嫁,kindle,2020/11/02
五等分の花嫁 5 カラー版,春場ねぎ_五等分の花嫁_05c.cbz,五等分の花嫁,kindle,2020/11/02
五等分の花嫁 6 カラー版,春場ねぎ_五等分の花嫁_06c.cbz,五等分の花嫁,kindle,2020/11/02
五等分の花嫁 7 カラー版,春場ねぎ_五等分の花嫁_07c.cbz,五等分の花嫁,kindle,2020/11/02
五等分の花嫁 8 カラー版,春場ねぎ_五等分の花嫁_08c.cbz,五等分の花嫁,kindle,2020/11/18
五等分の花嫁 9 カラー版,春場ねぎ_五等分の花嫁_09c.cbz,五等分の花嫁,kindle,2020/11/18
五等分の花嫁 10 カラー版,春場ねぎ_五等分の花嫁_10c.cbz,五等分の花嫁,kindle,2020/11/18
五等分の花嫁 11 カラー版,春場ねぎ_五等分の花嫁_11c.cbz,五等分の花嫁,kindle,2020/11/18
五等分の花嫁 12 カラー版,春場ねぎ_五等分の花嫁_12c.cbz,五等分の花嫁,kindle,2020/11/18
五等分の花嫁 13 カラー版,春場ねぎ_五等分の花嫁_13c.cbz,五等分の花嫁,kindle,2020/11/18
五等分の花嫁 14 カラー版,春場ねぎ_五等分の花嫁_14c.cbz,五等分の花嫁,kindle,2020/11/18
娘の友達 1,[萩原あさ美] 娘の友達 01 (mp).cbz,娘の友達,kindle
娘の友達 2,[萩原あさ美] 娘の友達 02.cbz,娘の友達,download,2020/08/27
娘の友達 3,[萩原あさ美] 娘の友達 03.cbz,娘の友達,download,2020/08/27
娘の友達 4,[萩原あさ美] 娘の友達 04.cbz,娘の友達,download,2020/08/27
娘の友達 5,[萩原あさ美] 娘の友達 05.cbz,娘の友達,download,2020/08/27
娘の友達 6,萩原あさ美_娘の友達 06.cbz,娘の友達,kindle,2020/11/18
プラチナエンド 1,[小畑健x大場つぐみ] プラチナエンド 12.cbz,プラチナエンド,download,2020/08/27
チェンソーマン 1,[藤本タツキ] チェンソーマン 01.cbz,チェンソーマン,download,2020/08/27
チェンソーマン 2,[藤本タツキ] チェンソーマン 02.cbz,チェンソーマン,download,2020/08/27
チェンソーマン 3,[藤本タツキ] チェンソーマン 03s.cbz,チェンソーマン,download,2020/08/27
チェンソーマン 4,[藤本タツキ] チェンソーマン 04s.cbz,チェンソーマン,download,2020/08/27
チェンソーマン 5,[藤本タツキ] チェンソーマン 05.cbz,チェンソーマン,download,2020/08/27
チェンソーマン 6,[藤本タツキ] チェンソーマン 06.cbz,チェンソーマン,download,2020/08/27
チェンソーマン 7,[藤本タツキ] チェンソーマン 07.cbz,チェンソーマン,download,2020/08/27
チェンソーマン 8,[藤本タツキ] チェンソーマン 08.cbz,チェンソーマン,download,2020/08/27
チェンソーマン 1,藤本タツキ_チェンソーマン_01.cbz,チェンソーマン,kindle,2020/12/11
ISUCA 1,[高橋脩] ISUCA 01.cbz,ISUCA,download,2020/08/27
ISUCA 2,[高橋脩] ISUCA 02.cbz,ISUCA,download,2020/08/27
ISUCA 3,[高橋脩] ISUCA 03.cbz,ISUCA,download,2020/08/27
ISUCA 4,[高橋脩] ISUCA 04.cbz,ISUCA,download,2020/08/27
ISUCA 5,[高橋脩] ISUCA 05.cbz,ISUCA,download,2020/08/27
ISUCA 6,[高橋脩] ISUCA 06.cbz,ISUCA,download,2020/08/27
ISUCA 7,[高橋脩] ISUCA 07.cbz,ISUCA,download,2020/08/27
ISUCA 8,[高橋脩] ISUCA 08.cbz,ISUCA,download,2020/08/27
ISUCA 9,[高橋脩] ISUCA 09.cbz,ISUCA,download,2020/08/27
悠久黙示録エイドロンシャドー 1,[うるし原智志] 悠久黙示録エイドロンシャドー 01.cbz,悠久黙示録エイドロンシャドー,download,2020/08/27
悠久黙示録エイドロンシャドー 2,[うるし原智志] 悠久黙示録エイドロンシャドー 02.cbz,悠久黙示録エイドロンシャドー,download,2020/08/27
Vampire Master ダーククリムゾン 1,[うるし原智志] Vampire Master ダーククリムゾン 01.cbz,Vampire Master ダーククリムゾン,download,2020/08/27
Vampire Master ダーククリムゾン 2,[うるし原智志] Vampire Master ダーククリムゾン 02.cbz,Vampire Master ダーククリムゾン,download,2020/08/27
Vampire Master ダーククリムゾン 3,[うるし原智志] Vampire Master ダーククリムゾン 03e.cbz,Vampire Master ダーククリムゾン,download,2020/08/27
ナナとカオル 1,[甘詰留太] ナナとカオル 01 (color).cbz,ナナとカオル,download,2020/09/17
ナナとカオル 2,[甘詰留太] ナナとカオル 02 (color).cbz,ナナとカオル,download,2020/09/17
ナナとカオル 3,[甘詰留太] ナナとカオル 03 (color).cbz,ナナとカオル,download,2020/09/17
ナナとカオル 4,[甘詰留太] ナナとカオル 04 (color).cbz,ナナとカオル,download,2020/09/17
ナナとカオル 5,[甘詰留太] ナナとカオル 05 (color).cbz,ナナとカオル,download,2020/09/17
ナナとカオル 6,[甘詰留太] ナナとカオル 06 (color).cbz,ナナとカオル,download,2020/09/17
ナナとカオル 7,[甘詰留太] ナナとカオル 07 (color).cbz,ナナとカオル,download,2020/09/17
ナナとカオル 8,[甘詰留太] ナナとカオル 08 (color).cbz,ナナとカオル,download,2020/09/17
ナナとカオル 9,[甘詰留太] ナナとカオル 09 (color).cbz,ナナとカオル,download,2020/09/17
ナナとカオル 10,[甘詰留太] ナナとカオル 10 (color).cbz,ナナとカオル,download,2020/09/17
ナナとカオル 11,[甘詰留太] ナナとカオル 11 (color).cbz,ナナとカオル,download,2020/09/17
ナナとカオル 12,[甘詰留太] ナナとカオル 12 (color).cbz,ナナとカオル,download,2020/09/17
ナナとカオル 13,[甘詰留太] ナナとカオル 13 (color).cbz,ナナとカオル,download,2020/09/17
ナナとカオル 14,[甘詰留太] ナナとカオル 14 (color).cbz,ナナとカオル,download,2020/09/17
ナナとカオル 15,[甘詰留太] ナナとカオル 15 (color).cbz,ナナとカオル,download,2020/09/17
ナナとカオル 16,[甘詰留太] ナナとカオル 16 (color).cbz,ナナとカオル,download,2020/09/17
ナナとカオル 17,[甘詰留太] ナナとカオル 17 (color).cbz,ナナとカオル,download,2020/09/17
炎炎ノ消防隊 1,[大久保篤] 炎炎ノ消防隊 01 (mp).cbz,炎炎ノ消防隊,kindle,2020/09/23
炎炎ノ消防隊 2,[大久保篤] 炎炎ノ消防隊 02 (mp).cbz,炎炎ノ消防隊,kindle,2020/09/23
炎炎ノ消防隊 3,[大久保篤] 炎炎ノ消防隊 03 (mp).cbz,炎炎ノ消防隊,kindle,2020/09/23
炎炎ノ消防隊 4,[大久保篤] 炎炎ノ消防隊 04.cbz,炎炎ノ消防隊,kindle,2020/09/23
炎炎ノ消防隊 5,[大久保篤] 炎炎ノ消防隊 05.cbz,炎炎ノ消防隊,kindle,2020/09/23
炎炎ノ消防隊 6,[大久保篤] 炎炎ノ消防隊 06.cbz,炎炎ノ消防隊,kindle,2020/09/23
炎炎ノ消防隊 7,[大久保篤] 炎炎ノ消防隊 07.cbz,炎炎ノ消防隊,kindle,2020/09/23
炎炎ノ消防隊 8,[大久保篤] 炎炎ノ消防隊 08.cbz,炎炎ノ消防隊,kindle,2020/09/23
炎炎ノ消防隊 9,[大久保篤] 炎炎ノ消防隊 09.cbz,炎炎ノ消防隊,kindle,2020/09/23
炎炎ノ消防隊 10,[大久保篤] 炎炎ノ消防隊 10.cbz,炎炎ノ消防隊,kindle,2020/09/23
炎炎ノ消防隊 11,[大久保篤] 炎炎ノ消防隊 11.cbz,炎炎ノ消防隊,kindle,2020/09/23
炎炎ノ消防隊 12,[大久保篤] 炎炎ノ消防隊 12.cbz,炎炎ノ消防隊,kindle,2020/09/23
EROSサバイバル 1,赤坂一夫_EROSサバイバル_01.cbz,EROSサバイバル,kindle,2020/10/21
EROSサバイバル 2,赤坂一夫_EROSサバイバル_02.cbz,EROSサバイバル,kindle,2020/10/21
EROSサバイバル 3,赤坂一夫_EROSサバイバル_03.cbz,EROSサバイバル,kindle,2020/10/21
EROSサバイバル 4,赤坂一夫_EROSサバイバル_04.cbz,EROSサバイバル,kindle,2020/10/21
EROSサバイバル 5,赤坂一夫_EROSサバイバル_05_.cbz,EROSサバイバル,download
EROSサバイバル 6,赤坂一夫_EROSサバイバル_06_.cbz,EROSサバイバル,download
EROSサバイバル 7,赤坂一夫_EROSサバイバル_07_.cbz,EROSサバイバル,download
EROSサバイバル 8,赤坂一夫_EROSサバイバル_08_.cbz,EROSサバイバル,download
EROSサバイバル 9,赤坂一夫_EROSサバイバル_09_.cbz,EROSサバイバル,download
EROSサバイバル 10,赤坂一夫_EROSサバイバル_10_.cbz,EROSサバイバル,download
EROSサバイバル 11,赤坂一夫_EROSサバイバル_11_.cbz,EROSサバイバル,download
EROSサバイバル 12,赤坂一夫_EROSサバイバル_12_.cbz,EROSサバイバル,download
EROSサバイバル 13,赤坂一夫_EROSサバイバル_13_.cbz,EROSサバイバル,download
EROSサバイバル 14,赤坂一夫_EROSサバイバル_14.cbz,EROSサバイバル,kindle
EROSサバイバル 15,赤坂一夫_EROSサバイバル_15.cbz,EROSサバイバル,kindle,2021/10/01
EROSサバイバル 16,赤坂一夫_EROSサバイバル_16.cbz,EROSサバイバル,dmm,2021/10/01
EROSサバイバル 17,赤坂一夫_EROSサバイバル_17.cbz,EROSサバイバル,dmm,2021/10/01
ゆらぎ荘の幽奈さん 1,ミウラタダヒロ_ゆらぎ荘の幽奈さん_01.cbz,ゆらぎ荘の幽奈さん,kindle,2020/10/22
ゆらぎ荘の幽奈さん 2,ミウラタダヒロ_ゆらぎ荘の幽奈さん_02.cbz,ゆらぎ荘の幽奈さん,kindle,2020/10/22
ゆらぎ荘の幽奈さん 3,ミウラタダヒロ_ゆらぎ荘の幽奈さん_03.cbz,ゆらぎ荘の幽奈さん,kindle,2020/10/22
かぐや様は告らせたい 1,赤坂アカ_かぐや様は告らせたい_01.cbz,かぐや様は告らせたい,kindle,2020/11/02
かぐや様は告らせたい 2,赤坂アカ_かぐや様は告らせたい_02.cbz,かぐや様は告らせたい,kindle,2020/11/02
かぐや様は告らせたい 3,赤坂アカ_かぐや様は告らせたい_03.cbz,かぐや様は告らせたい,kindle,2020/11/02
あやかしトライアングル 1,矢吹健太朗_あやかしトライアングル_01.cbz,あやかしトライアングル,kindle,2020/12/11
あやかしトライアングル 2,矢吹健太朗_あやかしトライアングル_02.cbz,あやかしトライアングル,kindle,2020/12/11
あやかしトライアングル 3,矢吹健太朗_あやかしトライアングル_03.cbz,あやかしトライアングル,kindle,2021/07/06
あやかしトライアングル 4,矢吹健太朗_あやかしトライアングル_04.cbz,あやかしトライアングル,kindle,2021/07/30
あやかしトライアングル 5,矢吹健太朗_あやかしトライアングル_05.cbz,あやかしトライアングル,kindle,2021/07/30
るろうに剣心 1,和月伸宏_るろうに剣心_01.cbz,るろうに剣心,kindle,2020/12/12
るろうに剣心 2,和月伸宏_るろうに剣心_02.cbz,るろうに剣心,kindle,2020/12/12
るろうに剣心 3,和月伸宏_るろうに剣心_03.cbz,るろうに剣心,kindle,2020/12/12
るろうに剣心 4,和月伸宏_るろうに剣心_04.cbz,るろうに剣心,kindle,2020/12/12
るろうに剣心 5,和月伸宏_るろうに剣心_05.cbz,るろうに剣心,kindle,2020/12/12
るろうに剣心 6,和月伸宏_るろうに剣心_06.cbz,るろうに剣心,kindle,2020/12/11
るろうに剣心 7,和月伸宏_るろうに剣心_07.cbz,るろうに剣心,kindle,2020/12/11
るろうに剣心 8,和月伸宏_るろうに剣心_08.cbz,るろうに剣心,kindle,2020/12/11
るろうに剣心 9,和月伸宏_るろうに剣心_09.cbz,るろうに剣心,kindle,2020/12/11
るろうに剣心 10,和月伸宏_るろうに剣心_10.cbz,るろうに剣心,kindle,2020/12/11
神呪のネクタール 1,佐藤健悦_神呪のネクタール_01.cbz,神呪のネクタール,kindle,2020/12/11
神呪のネクタール 2,佐藤健悦_神呪のネクタール_02.cbz,神呪のネクタール,kindle,2020/12/11
神呪のネクタール 3,佐藤健悦_神呪のネクタール_03.cbz,神呪のネクタール,kindle,2021/08/03
神呪のネクタール 4,佐藤健悦_神呪のネクタール_04_.cbz,神呪のネクタール,kindle,2021/08/03
神呪のネクタール 5,佐藤健悦_神呪のネクタール_05_.cbz,神呪のネクタール,kindle,2021/08/03
神呪のネクタール 6,佐藤健悦_神呪のネクタール_06_.cbz,神呪のネクタール,kindle,2021/08/03
神呪のネクタール 7,佐藤健悦_神呪のネクタール_07_.cbz,神呪のネクタール,kindle,2021/08/03
神呪のネクタール 8,佐藤健悦_神呪のネクタール_08_.cbz,神呪のネクタール,kindle,2021/08/03
神呪のネクタール 9,佐藤健悦_神呪のネクタール_09.cbz,神呪のネクタール,kindle,2021/08/03
神呪のネクタール 10,佐藤健悦_神呪のネクタール_10.cbz,神呪のネクタール,kindle,2021/08/03
神呪のネクタール 11,佐藤健悦_神呪のネクタール_11.cbz,神呪のネクタール,kindle,2021/08/03
神呪のネクタール 12,佐藤健悦_神呪のネクタール_12.cbz,神呪のネクタール,dmm,2021/09/17
神呪のネクタール 13,佐藤健悦_神呪のネクタール_13.cbz,神呪のネクタール,dmm,2022/04/22
今際の国のアリス 4,麻生羽呂_今際の国のアリス_04.cbz,今際の国のアリス,kindle,2020/12/11
2.5次元の誘惑 1,橋本悠_2_5次元の誘惑_01.cbz,2_5次元の誘惑,kindle,2020/12/13
2.5次元の誘惑 セミカラー 1,橋本悠_2_5次元の誘惑_01s.cbz,2_5次元の誘惑,kindle,2022/04/12
2.5次元の誘惑 セミカラー 2,橋本悠_2_5次元の誘惑_02s.cbz,2_5次元の誘惑,kindle,2022/04/12
ぐらんぶる 1,吉岡公威_ぐらんぶる_01.cbz,ぐらんぶる,kindle,2021/07/06
ぐらんぶる 2,吉岡公威_ぐらんぶる_02.cbz,ぐらんぶる,kindle,2021/07/06
ぐらんぶる 3,吉岡公威_ぐらんぶる_03.cbz,ぐらんぶる,kindle,2021/07/06
ぐらんぶる 4,吉岡公威_ぐらんぶる_04.cbz,ぐらんぶる,kindle,2021/07/06
ぐらんぶる 5,吉岡公威_ぐらんぶる_05.cbz,ぐらんぶる,kindle,2021/07/06
ぐらんぶる 6,吉岡公威_ぐらんぶる_06.cbz,ぐらんぶる,kindle,2021/07/06
ぐらんぶる 7,吉岡公威_ぐらんぶる_07.cbz,ぐらんぶる,kindle,2021/07/06
ぐらんぶる 8,吉岡公威_ぐらんぶる_08.cbz,ぐらんぶる,kindle,2021/07/06
ぐらんぶる 9,吉岡公威_ぐらんぶる_09.cbz,ぐらんぶる,kindle,2021/07/06
ぐらんぶる 10,吉岡公威_ぐらんぶる_10.cbz,ぐらんぶる,kindle,2021/07/06
ぐらんぶる 11,吉岡公威_ぐらんぶる_11.cbz,ぐらんぶる,kindle,2021/07/06
ぐらんぶる 12,吉岡公威_ぐらんぶる_12.cbz,ぐらんぶる,kindle,2021/07/06
ぐらんぶる 13,吉岡公威_ぐらんぶる_13.cbz,ぐらんぶる,kindle,2021/07/06
ぐらんぶる 14,吉岡公威_ぐらんぶる_14.cbz,ぐらんぶる,kindle,2021/07/06
ぐらんぶる 15,吉岡公威_ぐらんぶる_15.cbz,ぐらんぶる,kindle,2021/07/06
ぐらんぶる 16,吉岡公威_ぐらんぶる_16_.cbz,ぐらんぶる,kindle,2021/07/06
ぐらんぶる 17,吉岡公威_ぐらんぶる_17_.cbz,ぐらんぶる,kindle,2021/08/05
ぐらんぶる 18,吉岡公威_ぐらんぶる_18.cbz,ぐらんぶる,kindle,2022/03/07
てんぷる 1,吉岡公威_てんぷる_01.cbz,てんぷる,kindle,2021/07/06
てんぷる 2,吉岡公威_てんぷる_02.cbz,てんぷる,kindle,2021/07/06
てんぷる 3,吉岡公威_てんぷる_03.cbz,てんぷる,kindle,2021/07/06
てんぷる 4,吉岡公威_てんぷる_04.cbz,てんぷる,kindle,2021/07/06
てんぷる 5 特装版,吉岡公威_てんぷる_05t.cbz,てんぷる,kindle,2021/07/06
てんぷる 6,吉岡公威_てんぷる_06.cbz,てんぷる,kindle,2021/11/17
セックス＆ダンジョン！！ 1,佐原玄清_セックス＆ダンジョン！！_01.cbz,セックス＆ダンジョン！！,kindle,2021/07/06
セックス＆ダンジョン！！ 2,佐原玄清_セックス＆ダンジョン！！_02.cbz,セックス＆ダンジョン！！,dmm,2022/01/07
セックス＆ダンジョン！！ 3,佐原玄清_セックス＆ダンジョン！！_03.cbz,セックス＆ダンジョン！！,dmm,2022/01/11
セックス＆ダンジョン！！ 4,佐原玄清_セックス＆ダンジョン！！_04.cbz,セックス＆ダンジョン！！,dmm,2022/04/25
女神のカフェテラス 1,瀬尾公治_女神のカフェテラス_01.cbz,女神のカフェテラス,kindle,2021/07/06
女神のカフェテラス 2,瀬尾公治_女神のカフェテラス_02.cbz,女神のカフェテラス,kindle,2021/07/16
女神のカフェテラス 3,瀬尾公治_女神のカフェテラス_03.cbz,女神のカフェテラス,kindle,2021/09/17
女神のカフェテラス 4,瀬尾公治_女神のカフェテラス_04.cbz,女神のカフェテラス,dmm,2021/12/21
女神のカフェテラス 5,瀬尾公治_女神のカフェテラス_05.cbz,女神のカフェテラス,dmm,2022/03/17
女神寮の寮母くん。 1,日野行望_女神寮の寮母くん。_01.cbz,女神寮の寮母くん。,kindle,2021/07/06
女神寮の寮母くん。 2,日野行望_女神寮の寮母くん。_02.cbz,女神寮の寮母くん。,kindle,2021/07/06
女神寮の寮母くん。 3,日野行望_女神寮の寮母くん。_03.cbz,女神寮の寮母くん。,kindle,2021/07/06
源君物語 セミカラー 1,稲葉みのり_源君物語_01s.cbz,源君物語,kidnle,2021/07/06
源君物語 セミカラー 2,稲葉みのり_源君物語_02s.cbz,源君物語,kidnle,2021/07/06
源君物語 セミカラー 3,稲葉みのり_源君物語_03s.cbz,源君物語,kidnle,2021/07/06
源君物語 セミカラー 4,稲葉みのり_源君物語_04s.cbz,源君物語,kidnle,2021/07/06
源君物語 セミカラー 5,稲葉みのり_源君物語_05s.cbz,源君物語,kidnle,2021/07/06
源君物語 セミカラー 6,稲葉みのり_源君物語_06s.cbz,源君物語,kidnle,2021/07/06
源君物語 セミカラー 7,稲葉みのり_源君物語_07s.cbz,源君物語,kidnle,2021/07/06
源君物語 セミカラー 8,稲葉みのり_源君物語_08s.cbz,源君物語,kidnle,2021/07/06
源君物語 セミカラー 9,稲葉みのり_源君物語_09s.cbz,源君物語,kidnle,2021/07/06
源君物語 セミカラー 10,稲葉みのり_源君物語_10s.cbz,源君物語,kidnle,2021/07/06
源君物語 セミカラー 11,稲葉みのり_源君物語_11s.cbz,源君物語,kidnle,2021/07/06
源君物語 セミカラー 12,稲葉みのり_源君物語_12s.cbz,源君物語,kidnle,2021/07/06
源君物語 セミカラー 13,稲葉みのり_源君物語_13s.cbz,源君物語,kidnle,2021/07/06
源君物語 セミカラー 14,稲葉みのり_源君物語_14s.cbz,源君物語,kidnle,2021/07/06
源君物語 セミカラー 15,稲葉みのり_源君物語_15s.cbz,源君物語,kidnle,2021/07/06
源君物語 セミカラー 16,稲葉みのり_源君物語_16s.cbz,源君物語,kidnle,2021/07/06
ガイシューイッショク！ 1,色白好_ガイシューイッショク！_01.cbz,ガイシューイッショク！,kindle,2021/07/06
ガイシューイッショク！ 2,色白好_ガイシューイッショク！_02_.cbz,ガイシューイッショク！,kindle,2021/07/06
ガイシューイッショク！ 3,色白好_ガイシューイッショク！_03_.cbz,ガイシューイッショク！,kindle,2021/07/06
ガイシューイッショク！ 4,色白好_ガイシューイッショク！_04.cbz,ガイシューイッショク！,kindle,2021/07/06
甘神さんちの縁結び 1,内藤マーシー_甘神さんちの縁結び_01.cbz,甘神さんちの縁結び,kindle,2021/07/16
甘神さんちの縁結び 2,内藤マーシー_甘神さんちの縁結び_02.cbz,甘神さんちの縁結び,kindle,2021/09/17
甘神さんちの縁結び 3,内藤マーシー_甘神さんちの縁結び_03.cbz,甘神さんちの縁結び,dmm,2021/11/17
甘神さんちの縁結び 4,内藤マーシー_甘神さんちの縁結び_04.cbz,甘神さんちの縁結び,dmm,2022/02/17
甘神さんちの縁結び 5,内藤マーシー_甘神さんちの縁結び_05.cbz,甘神さんちの縁結び,dmm,2022/05/18
履いてください、鷹峰さん 1,柊裕一_履いてください、鷹峰さん_01.cbz,履いてください、鷹峰さん,kindle,2021/07/16
スマホを落としただけなのに 1,嶋田ひろあき_スマホを落としただけなのに_01.cbz,スマホを落としただけなのに,kindle,2021/07/16
スマホを落としただけなのに 2,嶋田ひろあき_スマホを落としただけなのに_02.cbz,スマホを落としただけなのに,kindle,2021/07/16
スマホを落としただけなのに 3,嶋田ひろあき_スマホを落としただけなのに_03.cbz,スマホを落としただけなのに,kindle,2021/08/17
この音とまれ！ 1,アミュー_この音とまれ！_01.cbz,この音とまれ！,kindle,2021/07/16
この音とまれ！ 2,アミュー_この音とまれ！_02.cbz,この音とまれ！,kindle,2021/07/16
この音とまれ！ 3,アミュー_この音とまれ！_03.cbz,この音とまれ！,kindle,2021/07/16
この音とまれ！ 4,アミュー_この音とまれ！_04.cbz,この音とまれ！,kindle,2021/07/16
この音とまれ！ 5,アミュー_この音とまれ！_05.cbz,この音とまれ！,kindle,2021/07/16
この音とまれ！ 6,アミュー_この音とまれ！_06.cbz,この音とまれ！,kindle,2021/07/16
この音とまれ！ 7,アミュー_この音とまれ！_07.cbz,この音とまれ！,kindle,2021/07/16
この音とまれ！ 8,アミュー_この音とまれ！_08.cbz,この音とまれ！,kindle,2021/07/16
この音とまれ！ 9,アミュー_この音とまれ！_09.cbz,この音とまれ！,kindle,2021/07/16
この音とまれ！ 10,アミュー_この音とまれ！_10.cbz,この音とまれ！,kindle,2021/07/16
この音とまれ！ 11,アミュー_この音とまれ！_11.cbz,この音とまれ！,kindle,2021/07/16
この音とまれ！ 12,アミュー_この音とまれ！_12.cbz,この音とまれ！,kindle,2021/07/16
この音とまれ！ 13,アミュー_この音とまれ！_13.cbz,この音とまれ！,kindle,2021/07/16
この音とまれ！ 14,アミュー_この音とまれ！_14.cbz,この音とまれ！,kindle,2021/07/16
この音とまれ！ 15,アミュー_この音とまれ！_15.cbz,この音とまれ！,kindle,2021/07/16
この音とまれ！ 16,アミュー_この音とまれ！_16.cbz,この音とまれ！,kindle,2021/07/16
この音とまれ！ 17,アミュー_この音とまれ！_17.cbz,この音とまれ！,kindle,2021/07/16
エンジェル・ハート-1ndシーズン 1,北条司_エンジェル・ハート-1ndシーズン_01.cbz,エンジェル・ハート-1ndシーズン,kidnel,2021/07/16
エンジェル・ハート-1ndシーズン 2,北条司_エンジェル・ハート-1ndシーズン_02.cbz,エンジェル・ハート-1ndシーズン,kidnel,2021/07/16
エンジェル・ハート-1ndシーズン 3,北条司_エンジェル・ハート-1ndシーズン_03.cbz,エンジェル・ハート-1ndシーズン,kidnel,2021/07/16
ソウルイーター 1,大久保篤_ソウルイーター_01.cbz,ソウルイーター,kindle,2021/07/28
メイドの岸さん 1,柏木香乃_メイドの岸さん_01.cbz,メイドの岸さん,kindle,2021/07/28
天蒼軌道アルヴァドリング 1,松田愁_天蒼軌道アルヴァドリング_01.cbz,天蒼軌道アルヴァドリング,kindle,2021/07/28
刷ったもんだ！ 1,染谷みのる_刷ったもんだ！_01.cbz,刷ったもんだ！,kindle,2021/07/28
薬屋のひとりごと 1,日向夏_薬屋のひとりごと_01.cbz,薬屋のひとりごと,kindle,2021/07/28
薬屋のひとりごと 2,日向夏_薬屋のひとりごと_02.cbz,薬屋のひとりごと,kindle,2021/07/28
薬屋のひとりごと 3,日向夏_薬屋のひとりごと_03.cbz,薬屋のひとりごと,kindle,2021/07/28
バトゥーキ 1,迫稔雄_バトゥーキ_01.cbz,バトゥーキ,kindle,2021/07/28
バトゥーキ 2,迫稔雄_バトゥーキ_02.cbz,バトゥーキ,kindle,2021/07/28
バトゥーキ 3,迫稔雄_バトゥーキ_03.cbz,バトゥーキ,kindle,2021/07/28
バトゥーキ 4,迫稔雄_バトゥーキ_04.cbz,バトゥーキ,kindle,2021/07/28
ナイツ＆マジック 1,加藤拓弐_ナイツ＆マジック_01.cbz,ナイツ＆マジック,kindle,2021/07/28
最強職《竜騎士》から初級職《運び屋》になったのに 1,あまうい白一_最強職《竜騎士》から初級職《運び屋》になったのに_01.cbz,最強職《竜騎士》から初級職《運び屋》になったのに,kindle,2021/07/28
最強職《竜騎士》から初級職《運び屋》になったのに 2,あまうい白一_最強職《竜騎士》から初級職《運び屋》になったのに_02.cbz,最強職《竜騎士》から初級職《運び屋》になったのに,kindle,2021/07/28
みだりにみだらな黒雪姫 1,うずめ＆もこ_みだりにみだらな黒雪姫_01.cbz,みだりにみだらな黒雪姫,kindle,2021/07/30
スキーターらびっと！！ 1,雨蘭_スキーターらびっと！！_01.cbz,スキーターらびっと！！,kindle,2021/07/30
スキーターらびっと！！ 2,雨蘭_スキーターらびっと！！_021.cbz,スキーターらびっと！！,kindle,2021/07/30
恋愛志向生徒会 1,如月群真_恋愛志向生徒会_01.cbz,恋愛志向生徒会,kindle,2021/07/30
恋愛志向生徒会 2,如月群真_恋愛志向生徒会_02.cbz,恋愛志向生徒会,kindle,2021/07/30
恋愛志向生徒会 3,如月群真_恋愛志向生徒会_03.cbz,恋愛志向生徒会,kindle,2021/07/30
恋愛志向生徒会 4,如月群真_恋愛志向生徒会_04.cbz,恋愛志向生徒会,kindle,2021/07/30
恋愛志向生徒会 5,如月群真_恋愛志向生徒会_05.cbz,恋愛志向生徒会,kindle,2021/07/30
恋愛志向生徒会 6,如月群真_恋愛志向生徒会_06.cbz,恋愛志向生徒会,dmm,2022/05/19
金魚妻 1,黒澤R_金魚妻_01.cbz,金魚妻,kindle,2021/07/30
金魚妻 2,黒澤R_金魚妻_02.cbz,金魚妻,kindle,2021/07/30
瀬尾公治短編集 THEお風呂回,瀬尾公治_瀬尾公治短編集 THEお風呂回.cbz,短編集,kindle,2021/07/30
出会って5秒でバトル 17,みやこかしわ_出会って5秒でバトル_17.cbz,出会って5秒でバトル,kindle,2021/07/30
出会って5秒でバトル 18,みやこかしわ_出会って5秒でバトル_18.cbz,出会って5秒でバトル,dmm,2021/10/19
出会って5秒でバトル 19,みやこかしわ_出会って5秒でバトル_19.cbz,出会って5秒でバトル,dmm,2022/04/26
ぼくたちは勉強ができない 1,筒井大志_ぼくたちは勉強ができない_01.cbz,ぼくたちは勉強ができない,2021/08/04
ぼくたちは勉強ができない 2,筒井大志_ぼくたちは勉強ができない_02.cbz,ぼくたちは勉強ができない,2021/08/04
ぼくたちは勉強ができない 3,筒井大志_ぼくたちは勉強ができない_03.cbz,ぼくたちは勉強ができない,2021/08/04
ぼくたちは勉強ができない 4,筒井大志_ぼくたちは勉強ができない_04.cbz,ぼくたちは勉強ができない,2021/08/04
ぼくたちは勉強ができない 5,筒井大志_ぼくたちは勉強ができない_05.cbz,ぼくたちは勉強ができない,2021/08/04
ぼくたちは勉強ができない 6,筒井大志_ぼくたちは勉強ができない_06.cbz,ぼくたちは勉強ができない,2021/08/04
ぼくたちは勉強ができない 7,筒井大志_ぼくたちは勉強ができない_07.cbz,ぼくたちは勉強ができない,2021/08/04
ぼくたちは勉強ができない 8,筒井大志_ぼくたちは勉強ができない_08.cbz,ぼくたちは勉強ができない,2021/08/04
ぼくたちは勉強ができない 9,筒井大志_ぼくたちは勉強ができない_09.cbz,ぼくたちは勉強ができない,2021/08/04
ぼくたちは勉強ができない 10,筒井大志_ぼくたちは勉強ができない_10.cbz,ぼくたちは勉強ができない,2021/08/04
ぼくたちは勉強ができない 11,筒井大志_ぼくたちは勉強ができない_11_.cbz,ぼくたちは勉強ができない,2021/08/04
ぼくたちは勉強ができない 12,筒井大志_ぼくたちは勉強ができない_12_.cbz,ぼくたちは勉強ができない,2021/08/04
ぼくたちは勉強ができない 13,筒井大志_ぼくたちは勉強ができない_13_.cbz,ぼくたちは勉強ができない,2021/08/04
ぼくたちは勉強ができない 14,筒井大志_ぼくたちは勉強ができない_14_.cbz,ぼくたちは勉強ができない,2021/08/04
ぼくたちは勉強ができない 15,筒井大志_ぼくたちは勉強ができない_15_.cbz,ぼくたちは勉強ができない,2021/08/04
ぼくたちは勉強ができない 16,筒井大志_ぼくたちは勉強ができない_16.cbz,ぼくたちは勉強ができない,2021/08/04
ぼくたちは勉強ができない 17,筒井大志_ぼくたちは勉強ができない_17.cbz,ぼくたちは勉強ができない,2021/08/04
ぼくたちは勉強ができない 18,筒井大志_ぼくたちは勉強ができない_18.cbz,ぼくたちは勉強ができない,2021/08/04
ぼくたちは勉強ができない 19,筒井大志_ぼくたちは勉強ができない_19.cbz,ぼくたちは勉強ができない,2021/08/04
ぼくたちは勉強ができない 20,筒井大志_ぼくたちは勉強ができない_20.cbz,ぼくたちは勉強ができない,2021/08/04
ぼくたちは勉強ができない 21,筒井大志_ぼくたちは勉強ができない_21.cbz,ぼくたちは勉強ができない,2021/08/04
トリニティセブン 1,奈央晃徳_トリニティセブン_01.cbz,トリニティセブン,2021/08/04
トリニティセブン 2,奈央晃徳_トリニティセブン_02.cbz,トリニティセブン,2021/08/04
トリニティセブン 3,奈央晃徳_トリニティセブン_03.cbz,トリニティセブン,2021/08/04
トリニティセブン 4,奈央晃徳_トリニティセブン_04.cbz,トリニティセブン,2021/08/04
トリニティセブン 5,奈央晃徳_トリニティセブン_05.cbz,トリニティセブン,2021/08/04
トリニティセブン 6,奈央晃徳_トリニティセブン_06.cbz,トリニティセブン,2021/08/04
トリニティセブン 7,奈央晃徳_トリニティセブン_07.cbz,トリニティセブン,2021/08/04
トリニティセブン 8,奈央晃徳_トリニティセブン_08.cbz,トリニティセブン,2021/08/04
トリニティセブン 9,奈央晃徳_トリニティセブン_09_.cbz,トリニティセブン,2021/08/04
トリニティセブン 10,奈央晃徳_トリニティセブン_10_.cbz,トリニティセブン,2021/08/04
トリニティセブン 11,奈央晃徳_トリニティセブン_11_.cbz,トリニティセブン,2021/08/04
トリニティセブン 12,奈央晃徳_トリニティセブン_12_.cbz,トリニティセブン,2021/08/04
トリニティセブン 13,奈央晃徳_トリニティセブン_13_.cbz,トリニティセブン,2021/08/04
トリニティセブン 14,奈央晃徳_トリニティセブン_14_.cbz,トリニティセブン,2021/08/04
トリニティセブン 15,奈央晃徳_トリニティセブン_15.cbz,トリニティセブン,2021/08/04
トリニティセブン 15.5,奈央晃徳_トリニティセブン_15_5.cbz,トリニティセブン,2021/08/04
トリニティセブン 16,奈央晃徳_トリニティセブン_16.cbz,トリニティセブン,2021/08/04
トリニティセブン 17,奈央晃徳_トリニティセブン_17.cbz,トリニティセブン,2021/08/04
トリニティセブン 18,奈央晃徳_トリニティセブン_18.cbz,トリニティセブン,2021/08/04
トリニティセブン 19,奈央晃徳_トリニティセブン_19_.cbz,トリニティセブン,2021/08/04
トリニティセブン 20,奈央晃徳_トリニティセブン_20.cbz,トリニティセブン,2021/08/04
トリニティセブン 21,奈央晃徳_トリニティセブン_21_.cbz,トリニティセブン,2021/08/04
トリニティセブン 22,奈央晃徳_トリニティセブン_22_.cbz,トリニティセブン,2021/08/04
トリニティセブン 23,奈央晃徳_トリニティセブン_23.cbz,トリニティセブン,2021/08/04
トリニティセブン 24,奈央晃徳_トリニティセブン_24.cbz,トリニティセブン,2021/08/04
トリアージX 1,佐藤ショウジ_トリアージX_01.cbz,トリアージX,2021/08/05
トリアージX 2,佐藤ショウジ_トリアージX_02.cbz,トリアージX,2021/08/05
トリアージX 3,佐藤ショウジ_トリアージX_03.cbz,トリアージX,2021/08/05
トリアージX 4,佐藤ショウジ_トリアージX_04.cbz,トリアージX,2021/08/05
トリアージX 5,佐藤ショウジ_トリアージX_05.cbz,トリアージX,2021/08/05
トリアージX 6,佐藤ショウジ_トリアージX_06.cbz,トリアージX,2021/08/05
トリアージX 7,佐藤ショウジ_トリアージX_07.cbz,トリアージX,2021/08/05
トリアージX 8,佐藤ショウジ_トリアージX_08.cbz,トリアージX,2021/08/05
トリアージX 9,佐藤ショウジ_トリアージX_09_.cbz,トリアージX,download,2022/04/12
トリアージX 10,佐藤ショウジ_トリアージX_10_.cbz,トリアージX,download,2022/04/12
トリアージX 11,佐藤ショウジ_トリアージX_11_.cbz,トリアージX,download,2022/04/12
トリアージX 12,佐藤ショウジ_トリアージX_12.cbz,トリアージX,2021/08/05
トリアージX 13,佐藤ショウジ_トリアージX_13.cbz,トリアージX,2021/08/05
トリアージX 14,佐藤ショウジ_トリアージX_14_.cbz,トリアージX,download,2022/04/12
トリアージX 15,佐藤ショウジ_トリアージX_15.cbz,トリアージX,2021/08/05
トリアージX 16,佐藤ショウジ_トリアージX_16.cbz,トリアージX,2021/08/05
生徒会副会長矢上さゆりは頑張っている！ 1,柚木Ｎ'_生徒会副会長矢上さゆりは頑張っている！_01.cbz,生徒会副会長矢上さゆりは頑張っている！,kindle,2021/08/06
生徒会副会長矢上さゆりは頑張っている！ 2,柚木Ｎ'_生徒会副会長矢上さゆりは頑張っている！_02.cbz,生徒会副会長矢上さゆりは頑張っている！,kindle,2021/08/06
生徒会副会長矢上さゆりは頑張っている！ 3,柚木Ｎ'_生徒会副会長矢上さゆりは頑張っている！_03.cbz,生徒会副会長矢上さゆりは頑張っている！,kindle,2021/08/06
生徒会副会長矢上さゆりは頑張っている！ 4,柚木Ｎ'_生徒会副会長矢上さゆりは頑張っている！_04.cbz,生徒会副会長矢上さゆりは頑張っている！,dmm,2022/01/20
トキワ来たれり！！ 1,松江名俊_トキワ来たれり！！_01.cbz,トキワ来たれり！！,kindle,2021/08/06
トキワ来たれり！！ 2,松江名俊_トキワ来たれり！！_02.cbz,トキワ来たれり！！,kindle,2021/08/06
トキワ来たれり！！ 3,松江名俊_トキワ来たれり！！_03.cbz,トキワ来たれり！！,kindle,2021/08/06
トキワ来たれり！！ 4,松江名俊_トキワ来たれり！！_04.cbz,トキワ来たれり！！,kindle,2021/08/06
お前ら全員めんどくさい！ 1,TOBI_お前ら全員めんどくさい！_01.cbz,お前ら全員めんどくさい！,kindle,2021/08/06
お前ら全員めんどくさい！ 2,TOBI_お前ら全員めんどくさい！_02.cbz,お前ら全員めんどくさい！,kindle,2021/08/06
お前ら全員めんどくさい！ 3,TOBI_お前ら全員めんどくさい！_03.cbz,お前ら全員めんどくさい！,kindle,2021/08/06
夜桜四重奏 1,ヤスダスズヒト_夜桜四重奏_01.cbz,夜桜四重奏,kindle,2021/08/06
夜桜四重奏 2,ヤスダスズヒト_夜桜四重奏_02.cbz,夜桜四重奏,kindle,2021/08/06
夜桜四重奏 3,ヤスダスズヒト_夜桜四重奏_03.cbz,夜桜四重奏,kindle,2021/08/06
双亡亭壊すべし 1,藤田和日郎_双亡亭壊すべし_01.cbz,双亡亭壊すべし,kindle,2021/08/26
双亡亭壊すべし 2,藤田和日郎_双亡亭壊すべし_02.cbz,双亡亭壊すべし,kindle,2021/08/26
双亡亭壊すべし 3,藤田和日郎_双亡亭壊すべし_03.cbz,双亡亭壊すべし,kindle,2021/08/26
双亡亭壊すべし 4,藤田和日郎_双亡亭壊すべし_04.cbz,双亡亭壊すべし,kindle,2021/08/26
双亡亭壊すべし 5,藤田和日郎_双亡亭壊すべし_05.cbz,双亡亭壊すべし,kindle,2021/08/26
双亡亭壊すべし 6,藤田和日郎_双亡亭壊すべし_06.cbz,双亡亭壊すべし,kindle,2021/08/26
双亡亭壊すべし 7,藤田和日郎_双亡亭壊すべし_07.cbz,双亡亭壊すべし,kindle,2021/08/26
双亡亭壊すべし 8,藤田和日郎_双亡亭壊すべし_08.cbz,双亡亭壊すべし,kindle,2021/08/26
双亡亭壊すべし 9,藤田和日郎_双亡亭壊すべし_09.cbz,双亡亭壊すべし,kindle,2021/08/26
双亡亭壊すべし 10,藤田和日郎_双亡亭壊すべし_10.cbz,双亡亭壊すべし,kindle,2021/08/26
さわらないで小手指くん 01,シンジョウタクヤ_さわらないで小手指くん_01.cbz,さわらないで小手指くん,dmm,2021/09/14
さわらないで小手指くん 02,シンジョウタクヤ_さわらないで小手指くん_02.cbz,さわらないで小手指くん,dmm,2021/12/09
さわらないで小手指くん 03,シンジョウタクヤ_さわらないで小手指くん_03.cbz,さわらないで小手指くん,dmm,2022/04/08
制裁学園 1,栗原正尚_制裁学園_01.cbz,制裁学園,kindle,2021/09/14
制裁学園 2,栗原正尚_制裁学園_02.cbz,制裁学園,kindle,2021/09/17
制裁学園 3,栗原正尚_制裁学園_03.cbz,制裁学園,kindle,2021/09/24
ギルティサークル 1,山本やみー_ギルティサークル_01.cbz,ギルティサークル,dmm,2021/09/17
ギルティサークル 2,山本やみー_ギルティサークル_02.cbz,ギルティサークル,dmm,2021/12/09
ギルティサークル 3,山本やみー_ギルティサークル_03.cbz,ギルティサークル,dmm,2022/03/09
怨み屋本舗WORST 1,栗原正尚_怨み屋本舗WORST_01.cbz,怨み屋本舗WORST,kindle,2021/09/17
怨み屋本舗WORST 2,栗原正尚_怨み屋本舗WORST_02.cbz,怨み屋本舗WORST,kindle,2021/09/17
怨み屋本舗WORST 3,栗原正尚_怨み屋本舗WORST_03.cbz,怨み屋本舗WORST,kindle,2021/09/17
SSSS.GRIDMAN 1,今野ユウキ_SSSS-GRIDMAN_01.cbz,SSSS-GRIDMAN,kindle,2021/09/17
ダーウィンズゲーム 24,FLIPFLOPs_ダーウィンズゲーム_24.cbz,ダーウィンズゲーム,kindle,2021/09/17
ダーウィンズゲーム 25,FLIPFLOPs_ダーウィンズゲーム_25.cbz,ダーウィンズゲーム,dmm,2022/04/26
恋か魔法かわからない！ 1,内山敦司_恋か魔法かわからない！_01.cbz,恋か魔法かわからない！,dmm,2021/09/24
フラジャイル 1,恵三朗_フラジャイル_01.cbz,フラジャイル,dmm,2021/09/24
フラジャイル 2,恵三朗_フラジャイル_02.cbz,フラジャイル,dmm,2021/09/24
フラジャイル 3,恵三朗_フラジャイル_03.cbz,フラジャイル,dmm,2021/09/24
可愛いだけじゃない式守さん 1,真木蛍五_可愛いだけじゃない式守さん_01.cbz,可愛いだけじゃない式守さん,dmm,2021/09/24
可愛いだけじゃない式守さん 2,真木蛍五_可愛いだけじゃない式守さん_02.cbz,可愛いだけじゃない式守さん,dmm,2021/09/24
はぐれアイドル地獄変 1,高遠るい_はぐれアイドル地獄変_01.cbz,はぐれアイドル地獄変,kindle,2021/10/01
はぐれアイドル地獄変 2,高遠るい_はぐれアイドル地獄変_02.cbz,はぐれアイドル地獄変,kindle,2021/10/01
はぐれアイドル地獄変 3,高遠るい_はぐれアイドル地獄変_03.cbz,はぐれアイドル地獄変,kindle,2021/10/01
はぐれアイドル地獄変 4,高遠るい_はぐれアイドル地獄変_04.cbz,はぐれアイドル地獄変,kindle,2021/10/01
はぐれアイドル地獄変 5,高遠るい_はぐれアイドル地獄変_05.cbz,はぐれアイドル地獄変,dmm,2021/10/01
はぐれアイドル地獄変 6,高遠るい_はぐれアイドル地獄変_06.cbz,はぐれアイドル地獄変,dmm,2021/10/01
はぐれアイドル地獄変 12,高遠るい_はぐれアイドル地獄変_12.cbz,はぐれアイドル地獄変,dmm,2021/10/01
はぐれアイドル地獄変 13,高遠るい_はぐれアイドル地獄変_13.cbz,はぐれアイドル地獄変,dmm,2021/10/01
ラジエーションハウス 1,モリタイシ_ラジエーションハウス_01.cbz,ラジエーションハウス,kindle,2021/10/07
ラジエーションハウス 2,モリタイシ_ラジエーションハウス_02.cbz,ラジエーションハウス,kindle,2021/10/07
ラジエーションハウス 3,モリタイシ_ラジエーションハウス_03.cbz,ラジエーションハウス,kindle,2021/10/07
クノイチノイチ！ 1,金沢真之介_クノイチノイチ！_01.cbz,クノイチノイチ！,kindle,2021/10/07
クノイチノイチ！ 2,金沢真之介_クノイチノイチ！_02.cbz,クノイチノイチ！,kindle,2021/10/27
クノイチノイチ！ 3,金沢真之介_クノイチノイチ！_03.cbz,クノイチノイチ！,dmm,2021/11/17
クノイチノイチ！ 4,金沢真之介_クノイチノイチ！_04.cbz,クノイチノイチ！,dmm,2021/12/28
クノイチノイチ！ 5,金沢真之介_クノイチノイチ！_05.cbz,クノイチノイチ！,dmm,2021/12/28
クノイチノイチ！ノ弐 1,金沢真之介_クノイチノイチ！ノ弐_01.cbz,クノイチノイチ！,dmm,2021/12/28
変幻戦忍アスカ 1,黒岩よしひろ_変幻戦忍アスカ_1.cbz,変幻戦忍アスカ,kindle,2021/10/07
変幻戦忍アスカ 2,黒岩よしひろ_変幻戦忍アスカ_2e.cbz,変幻戦忍アスカ,kindle,2021/10/07
はぐれ勇者の鬼畜美学 1,中曽根ハイジ_はぐれ勇者の鬼畜美学_01.cbz,はぐれ勇者の鬼畜美学,kindle,2021/10/08
はぐれ勇者の鬼畜美学 2,中曽根ハイジ_はぐれ勇者の鬼畜美学_02.cbz,はぐれ勇者の鬼畜美学,kindle,2021/10/08
はぐれ勇者の鬼畜美学 3,中曽根ハイジ_はぐれ勇者の鬼畜美学_03.cbz,はぐれ勇者の鬼畜美学,kindle,2021/10/08
世界か彼女か選べない 1,内山敦司_世界か彼女か選べない_01.cbz,世界か彼女か選べない,kindle,2021/10/07
ノ・ゾ・キ・ア・ナ 1 カラー版,本名ワコウ_ノ・ゾ・キ・ア・ナ_01c.cbz,ノ・ゾ・キ・ア・ナ,kindle,2021/10/07
ノ・ゾ・キ・ア・ナ 2 カラー版,本名ワコウ_ノ・ゾ・キ・ア・ナ_02c.cbz,ノ・ゾ・キ・ア・ナ,kindle,2021/10/07
ノ・ゾ・キ・ア・ナ 3 カラー版,本名ワコウ_ノ・ゾ・キ・ア・ナ_03c.cbz,ノ・ゾ・キ・ア・ナ,kindle,2021/10/08
ノ・ゾ・キ・ア・ナ 4,本名ワコウ_ノ・ゾ・キ・ア・ナ_04.cbz,ノ・ゾ・キ・ア・ナ,kindle,2021/10/08
艶子の湯 1,岬ゆきひろ_艶子の湯-デジタルモザイク版_1.cbz,艶子の湯,kindle,2021/10/07
艶子の湯 2,岬ゆきひろ_艶子の湯-デジタルモザイク版_2.cbz,艶子の湯,kindle,2021/10/07
艶子の湯 3,岬ゆきひろ_艶子の湯-デジタルモザイク版_3.cbz,艶子の湯,kindle,2021/10/07
艶子の湯 4,岬ゆきひろ_艶子の湯-デジタルモザイク版_4.cbz,艶子の湯,kindle,2021/10/07
マジェスティックプリンス 1,新島光_マジェスティックプリンス_01.cbz,マジェスティックプリンス,kindle,2021/10/08
マジェスティックプリンス 2,新島光_マジェスティックプリンス_02.cbz,マジェスティックプリンス,kindle,2021/10/08
マジェスティックプリンス 3,新島光_マジェスティックプリンス_03.cbz,マジェスティックプリンス,kindle,2021/10/08
マジェスティックプリンス 4,新島光_マジェスティックプリンス_04.cbz,マジェスティックプリンス,kindle,2021/10/08
マジェスティックプリンス 5,新島光_マジェスティックプリンス_05.cbz,マジェスティックプリンス,kindle,2021/10/08
彼女、人見知ります 1,宮島礼吏_彼女、人見知ります_01.cbz,彼女、人見知ります,kindle,2021/10/08
サマータイムレンダ 1,田中靖規_サマータイムレンダ_01.cbz,サマータイムレンダ,kindle,2021/10/19
サマータイムレンダ 2,田中靖規_サマータイムレンダ_02.cbz,サマータイムレンダ,kindle,2021/10/19
Dr.STONE 1,稲垣理一郎_Dr-STONE_01.cbz,Dr-STONE,kindle,2021/10/20
Dr.STONE 2,稲垣理一郎_Dr-STONE_02.cbz,Dr-STONE,kindle,2021/10/20
Dr.STONE 3,稲垣理一郎_Dr-STONE_03.cbz,Dr-STONE,kindle,2021/10/20
惰性67パーセント 1,紙魚丸_惰性67パーセント_01.cbz,惰性67パーセント,kindle,2021/10/27
惰性67パーセント 2,紙魚丸_惰性67パーセント_02.cbz,惰性67パーセント,kindle,2021/10/27
冒険王ビィト 1,稲田浩司_冒険王ビィト_01.cbz,冒険王ビィト,kindle,2021/11/11
冒険王ビィト 2,稲田浩司_冒険王ビィト_02.cbz,冒険王ビィト,kindle,2021/11/10
冒険王ビィト 3,稲田浩司_冒険王ビィト_03.cbz,冒険王ビィト,kindle,2021/11/10
SPY×FAMILY 1,遠藤達哉_SPY×FAMILY_01.cbz,SPY×FAMILY,kidnle,2021/11/10
ヤミアバキクラウミコ 1,丈山雄為_ヤミアバキクラウミコ_01.cbz,ヤミアバキクラウミコ,kindle,2021/11/10
ヤミアバキクラウミコ 2,丈山雄為_ヤミアバキクラウミコ_02.cbz,ヤミアバキクラウミコ,kindle,2021/11/10
リビドーハンタータケル 1,丈山雄為_リビドーハンタータケル_01.cbz,リビドーハンタータケル,kindle,2021/11/10
淫獄団地 1,丈山雄為_淫獄団地_01.cbz,淫獄団地,kindle,2021/11/10
少年少女18禁 1,くずしろ_少年少女18禁_01.cbz,少年少女18禁,kindle,2021/11/10
劣等眼の転生魔術師 1,柑橘ゆすら_劣等眼の転生魔術師_01.cbz,劣等眼の転生魔術師,kindle,2021/11/10
劣等眼の転生魔術師 2,柑橘ゆすら_劣等眼の転生魔術師_02.cbz,劣等眼の転生魔術師,kindle,2022/04/12
劣等眼の転生魔術師 3,柑橘ゆすら_劣等眼の転生魔術師_03.cbz,劣等眼の転生魔術師,kindle,2022/04/12
となりのトロル 1,中山ユキジ_となりのトロル_01.cbz,となりのトロル,kindle,2021/11/11
お願い、脱がシて。 1,川中康嗣_お願い、脱がシて。_01.cbz,お願い、脱がシて。,dmm,2022/02/18
お願い、脱がシて。 2,川中康嗣_お願い、脱がシて。_02.cbz,お願い、脱がシて。,kindle,2021/11/12
お願い、脱がシて。 3,川中康嗣_お願い、脱がシて。_03.cbz,お願い、脱がシて。,dmm,2022/02/17
ゆき姉ちゃんの官能ごっこ。【電子限定ペーパー付き】 1,須河篤志_ゆき姉ちゃんの官能ごっこ。_01.cbz,ゆき姉ちゃんの官能ごっこ。,kindle,2021/11/12
ナックルカーブ_サキュバス学園の犬ッ！！【電子限定特典付き】 1,ナックルカーブ_サキュバス学園の犬ッ！！_01.cbz,サキュバス学園の犬ッ！！,kindle,2021/11/12
金色のガッシュ！！ 完全版 1,雷句誠_金色のガッシュ！！-完全版_01.cbz,金色のガッシュ！！-完全版,kindle,2021/11/12
金色のガッシュ！！ 完全版 2,雷句誠_金色のガッシュ！！-完全版_02.cbz,金色のガッシュ！！-完全版,kindle,2021/11/12
金色のガッシュ！！ 完全版 3,雷句誠_金色のガッシュ！！-完全版_03.cbz,金色のガッシュ！！-完全版,kindle,2021/11/12
金色のガッシュ！！ 完全版 4,雷句誠_金色のガッシュ！！-完全版_04.cbz,金色のガッシュ！！-完全版,kindle,2021/11/12
金色のガッシュ！！ 完全版 5,雷句誠_金色のガッシュ！！-完全版_05.cbz,金色のガッシュ！！-完全版,kindle,2021/11/12
金色のガッシュ！！ 完全版 6,雷句誠_金色のガッシュ！！-完全版_06.cbz,金色のガッシュ！！-完全版,kindle,2021/11/12
金色のガッシュ！！ 完全版 7,雷句誠_金色のガッシュ！！-完全版_07.cbz,金色のガッシュ！！-完全版,kindle,2021/11/12
金色のガッシュ！！ 完全版 8,雷句誠_金色のガッシュ！！-完全版_08.cbz,金色のガッシュ！！-完全版,kindle,2021/11/12
金色のガッシュ！！ 完全版 9,雷句誠_金色のガッシュ！！-完全版_09.cbz,金色のガッシュ！！-完全版,kindle,2021/11/12
金色のガッシュ！！ 完全版 10,雷句誠_金色のガッシュ！！-完全版_10.cbz,金色のガッシュ！！-完全版,kindle,2021/11/12
ピーチボーイリバーサイド 1,ヨハネ_ピーチボーイリバーサイド_01.cbz,ピーチボーイリバーサイド,kindle,2021/11/12
ピーチボーイリバーサイド 2,ヨハネ_ピーチボーイリバーサイド_02.cbz,ピーチボーイリバーサイド,kindle,2021/11/12
ピーチボーイリバーサイド 3,ヨハネ_ピーチボーイリバーサイド_03.cbz,ピーチボーイリバーサイド,kindle,2021/11/12
絶対聖域のチェリオン 1,川田暁生_絶対聖域のチェリオン_01.cbz,絶対聖域のチェリオン,kindle,2021/11/17
絶対聖域のチェリオン 2,川田暁生_絶対聖域のチェリオン_02.cbz,絶対聖域のチェリオン,dmm,2022/04/25
奥さまは女スパイ 1,山口譲司_奥さまは女スパイ_01.cbz,奥さまは女スパイ,kindle,2021/11/18
ダンジョン暮らしの元勇者 1,しかげなぎ_ダンジョン暮らしの元勇者_01.cbz,ダンジョン暮らしの元勇者,kindle,2021/11/18
それは霊のしわざです 1,Noise_それは霊のしわざです.cbz,それは霊のしわざです,dmm,2021/11/19
ディス魔トピア 1,里好_ディス魔トピア_01.cbz,ディス魔トピア,kindle,2021/11/19
まじブラ！？ 1,歌麿_まじブラ！？_01.cbz,まじブラ！？,kindle,2021/11/19
カウントラブル 1,奈央晃徳_カウントラブル_01.cbz,カウントラブル,kindle,2021/11/19
テラフォーマーズ 1,橘賢一_テラフォーマーズ_01.cbz,テラフォーマーズ,kindle,2021/11/25
テラフォーマーズ 2,橘賢一_テラフォーマーズ_02.cbz,テラフォーマーズ,kindle,2021/11/25
テラフォーマーズ 3,橘賢一_テラフォーマーズ_03.cbz,テラフォーマーズ,kindle,2021/11/25
テラフォーマーズ 4,橘賢一_テラフォーマーズ_04.cbz,テラフォーマーズ,kindle,2021/11/25
テラフォーマーズ 5,橘賢一_テラフォーマーズ_05.cbz,テラフォーマーズ,kindle,2021/11/25
テラフォーマーズ 6,橘賢一_テラフォーマーズ_06.cbz,テラフォーマーズ,kindle,2021/11/25
その気にさせてよ・Ｍｙマイ舞 1,山口譲司_その気にさせてよ・Ｍｙマイ舞_01.cbz,その気にさせてよ・Ｍｙマイ舞,kindle,2021/11/25
鬼獄の夜 1,加藤キャシー_鬼獄の夜_01.cbz,鬼獄の夜,kindle,2021/11/26
鬼獄の夜 2,加藤キャシー_鬼獄の夜_02.cbz,鬼獄の夜,kindle,2021/11/26
鬼獄の夜 3,加藤キャシー_鬼獄の夜_03.cbz,鬼獄の夜,kindle,2022/04/26
アダマスの魔女たち 1,今井ユウ_アダマスの魔女たち_01.cbz,アダマスの魔女たち,dmm,2021/12/08
アダマスの魔女たち 2,今井ユウ_アダマスの魔女たち_02.cbz,アダマスの魔女たち,dmm,2021/12/08
JKくのいちは全てを捧げたい 1,梅ちゃづけ_JKくのいちは全てを捧げたい_01.cbz,JKくのいちは全てを捧げたい,dmm,2021/12/08
JKくのいちは全てを捧げたい 2,梅ちゃづけ_JKくのいちは全てを捧げたい_02.cbz,JKくのいちは全てを捧げたい,dmm,2021/12/08
JKくのいちは全てを捧げたい 3,梅ちゃづけ_JKくのいちは全てを捧げたい_03.cbz,JKくのいちは全てを捧げたい,dmm,2021/12/08
放課後の拷問少女 1,BOKU_放課後の拷問少女_01.cbz,放課後の拷問少女,dmm,2021/12/08
放課後の拷問少女 2,BOKU_放課後の拷問少女_02.cbz,放課後の拷問少女,dmm,2021/12/08
放課後の拷問少女 3,BOKU_放課後の拷問少女_03.cbz,放課後の拷問少女,dmm,2021/12/08
テスラノート 1,三宮宏太_テスラノート_01.cbz,テスラノート,dmm,2021/12/09
転生したらスライムだった件 1,川上泰樹_転生したらスライムだった件_01.cbz,転生したらスライムだった件,dmm,2021/12/09
転生したらスライムだった件 2,川上泰樹_転生したらスライムだった件_02.cbz,転生したらスライムだった件,dmm,2022/05/02
転生したらスライムだった件 3,川上泰樹_転生したらスライムだった件_03.cbz,転生したらスライムだった件,dmm,2022/05/02
よくわからないけれど異世界に転生していたようです 1,内々けやき_よくわからないけれど異世界に転生していたようです_01.cbz,よくわからないけれど異世界に転生していたようです,dmm,2021/12/09
よくわからないけれど異世界に転生していたようです 2,内々けやき_よくわからないけれど異世界に転生していたようです_02.cbz,よくわからないけれど異世界に転生していたようです,dmm,2021/12/09
よくわからないけれど異世界に転生していたようです 3,内々けやき_よくわからないけれど異世界に転生していたようです_03.cbz,よくわからないけれど異世界に転生していたようです,dmm,2022/04/15
ダンダダン 1,龍幸伸_ダンダダン_01.cbz,ダンダダン,dmm,2022/01/20
ダンダダン 2,龍幸伸_ダンダダン_02.cbz,ダンダダン,dmm,2022/01/20
ダンダダン 3,龍幸伸_ダンダダン_03.cbz,ダンダダン,kindle,2021/12/24
ダンダダン 4,龍幸伸_ダンダダン_04.cbz,ダンダダン,kindle,2022/03/07
ダンダダン 5,龍幸伸_ダンダダン_05.cbz,ダンダダン,dmm,2022/05/02
葬送のフリーレン 1,アベツカサ_葬送のフリーレン_01.cbz,葬送のフリーレン,kindle,2021/12/24
葬送のフリーレン 2,アベツカサ_葬送のフリーレン_02.cbz,葬送のフリーレン,kindle,2021/12/24
葬送のフリーレン 3,アベツカサ_葬送のフリーレン_03.cbz,葬送のフリーレン,kindle,2021/12/24
イジらないで、長瀞さん 3,ナナシ_イジらないで、長瀞さん_03.cbz,イジらないで、長瀞さん,kindle,2022/03/29
イジらないで、長瀞さん 12,ナナシ_イジらないで、長瀞さん_12.cbz,イジらないで、長瀞さん,dmm,2021/12/27
イジらないで、長瀞さん 13,ナナシ_イジらないで、長瀞さん_13.cbz,イジらないで、長瀞さん,dmm,2022/04/08
僕の心のヤバイやつ 1,桜井のりお_僕の心のヤバイやつ_01.cbz,僕の心のヤバイやつ,dmm,2021/12/28
僕の心のヤバイやつ 2,桜井のりお_僕の心のヤバイやつ_02.cbz,僕の心のヤバイやつ,dmm,2021/12/28
僕の心のヤバイやつ 3,桜井のりお_僕の心のヤバイやつ_03.cbz,僕の心のヤバイやつ,dmm,2021/12/28
自重しない元勇者の強くて楽しいニューゲーム 1,新木伸_自重しない元勇者の強くて楽しいニューゲーム_01.cbz,自重しない元勇者の強くて楽しいニューゲーム,kindle,2022/01/06
自重しない元勇者の強くて楽しいニューゲーム 2,新木伸_自重しない元勇者の強くて楽しいニューゲーム_02.cbz,自重しない元勇者の強くて楽しいニューゲーム,kindle,2022/01/06
自重しない元勇者の強くて楽しいニューゲーム 3,新木伸_自重しない元勇者の強くて楽しいニューゲーム_03.cbz,自重しない元勇者の強くて楽しいニューゲーム,kindle,2022/01/06
自重しない元勇者の強くて楽しいニューゲーム 4,新木伸_自重しない元勇者の強くて楽しいニューゲーム_04.cbz,自重しない元勇者の強くて楽しいニューゲーム,kindle,2022/01/06
童貞噺 1,Gino0808_童貞噺_01.cbz,童貞噺,kindle,2022/01/06
GANTZ:E 1,花月仁_GANTZ-E_01.cbz,GANTZ-E,kindle,2022/01/06
推しが隣で授業に集中できない！ 1,菅原こゆび_推しが隣で授業に集中できない！_01.cbz,推しが隣で授業に集中できない！,dmm,2022/01/07
ヴァルハラ・オティンティン館 1,求嵐_ヴァルハラ・オティンティン館_01.cbz,ヴァルハラ・オティンティン館,dmm,2022/01/07
ぬきたし 1,まめおじたん_ぬきたし_01.cbz,ぬきたし,dmm,2022/01/11
くノ一ツバキの胸の内 1,山本崇一朗_くノ一ツバキの胸の内_01.cbz,くノ一ツバキの胸の内,dmm,2022/01/11
くノ一ツバキの胸の内 2,山本崇一朗_くノ一ツバキの胸の内_02.cbz,くノ一ツバキの胸の内,dmm,2022/01/11
理系が恋に落ちたので証明してみた。 1,山本アリフレッド_理系が恋に落ちたので証明してみた。_01.cbz,理系が恋に落ちたので証明してみた。,kindle,2022/01/13
理系が恋に落ちたので証明してみた。 2,山本アリフレッド_理系が恋に落ちたので証明してみた。_02.cbz,理系が恋に落ちたので証明してみた。,kindle,2022/01/13
理系が恋に落ちたので証明してみた。 3,山本アリフレッド_理系が恋に落ちたので証明してみた。_03.cbz,理系が恋に落ちたので証明してみた。,kindle,2022/01/13
/Blush-DC ～秘・蜜～ 1,宮崎摩耶_Blush-DC_01.cbz,Blush-DC,kindle,2022/01/13
/Blush-DC ～秘・蜜～ 2,宮崎摩耶_Blush-DC_02.cbz,Blush-DC,kindle,2022/04/26
/Blush-DC ～秘・蜜～ 3,宮崎摩耶_Blush-DC_03.cbz,Blush-DC,kindle,2022/04/26
エゴイストブルー 1,Gino0808_エゴイストブルー_01.cbz,エゴイストブルー,kindle,2022/01/19
エゴイストブルー 2,Gino0808_エゴイストブルー_02.cbz,エゴイストブルー,kindle,2022/01/19
ヒーローさんと元女幹部さん 1,そめちめ_ヒーローさんと元女幹部さん_01.cbz,ヒーローさんと元女幹部さん,kindle,2022/01/19
GIGANT 1,奥浩哉_GIGANT_01.cbz,GIGANT,dmm,2022/01/19
GIGANT 2,奥浩哉_GIGANT_02.cbz,GIGANT,dmm,2022/01/19
GIGANT 3,奥浩哉_GIGANT_03.cbz,GIGANT,dmm,2022/01/19
あせとせっけん 1,山田金鉄_あせとせっけん_01.cbz,あせとせっけん,dmm,2022/01/19
あせとせっけん 2,山田金鉄_あせとせっけん_02.cbz,あせとせっけん,dmm,2022/01/19
あせとせっけん 3,山田金鉄_あせとせっけん_03.cbz,あせとせっけん,dmm,2022/01/19
あせとせっけん 4,山田金鉄_あせとせっけん_04.cbz,あせとせっけん,dmm,2022/01/25
あせとせっけん 5 特装版,山田金鉄_あせとせっけん_05t.cbz,あせとせっけん,dmm,2022/01/25
あせとせっけん 6,山田金鉄_あせとせっけん_06.cbz,あせとせっけん,dmm,2022/01/25
ヴェクサシオン 1,湯川義弘_ヴェクサシオン_01.cbz,ヴェクサシオン,dmm,2022/01/19
ヴェクサシオン 2,湯川義弘_ヴェクサシオン_02.cbz,ヴェクサシオン,dmm,2022/01/19
二度と自撮り送ってやんない！ 1,竹掛竹や_二度と自撮り送ってやんない！_01.cbz,二度と自撮り送ってやんない！,dmm,2022/01/19
人妻の唇は缶チューハイの味がして 1,チンジャオ娘_人妻の唇は缶チューハイの味がして_01.cbz,人妻の唇は缶チューハイの味がして,dmm,2022/01/19
性食鬼 1,稲光伸二_性食鬼_01.cbz,性食鬼,dmm,2022/01/20
性食鬼 2,稲光伸二_性食鬼_02.cbz,性食鬼,dmm,2022/01/20
性食鬼 3,稲光伸二_性食鬼_03.cbz,性食鬼,dmm,2022/01/20
性食鬼 4,稲光伸二_性食鬼_04_.cbz,性食鬼,download,2022/01/20
性食鬼 5,稲光伸二_性食鬼_05.cbz,性食鬼,dmm,2022/01/20
性食鬼 6,稲光伸二_性食鬼_06_.cbz,性食鬼,download,2022/01/20
性食鬼 7,稲光伸二_性食鬼_07.cbz,性食鬼,dmm,2022/01/20
性食鬼 8,稲光伸二_性食鬼_08.cbz,性食鬼,dmm,2022/01/20
性食鬼 9,稲光伸二_性食鬼_09_.cbz,性食鬼,download,2022/01/20
性食鬼 10,稲光伸二_性食鬼_10.cbz,性食鬼,dmm,2022/01/20
性食鬼 11,稲光伸二_性食鬼_11.cbz,性食鬼,dmm,2022/01/20
性食鬼 14,稲光伸二_性食鬼_14.cbz,性食鬼,download,2022/01/27
性食鬼 15,稲光伸二_性食鬼_15.cbz,性食鬼,dmm,2022/01/20
性食鬼 16,稲光伸二_性食鬼_16.cbz,性食鬼,dmm,2022/01/20
性食鬼 17,稲光伸二_性食鬼_17.cbz,性食鬼,dmm,2022/04/26
殺し愛 1,Fe_殺し愛_01.cbz,殺し愛,kindle,2022/01/25
殺し愛 2,Fe_殺し愛_02.cbz,殺し愛,kindle,2022/01/25
殺し愛 3,Fe_殺し愛_03.cbz,殺し愛,kindle,2022/01/25
殺し愛 4,Fe_殺し愛_04.cbz,殺し愛,kindle,2022/01/25
炎上ヒーローアコ 1,佐倉えび_炎上ヒーローアコ_01.cbz,炎上ヒーローアコ,kindle,2022/01/25
青年少女よ、春を貪れ。 1,山田シロ彦_青年少女よ、春を貪れ。_01.cbz,青年少女よ、春を貪れ。,kindle,2022/01/25
青年少女よ、春を貪れ。 2,山田シロ彦_青年少女よ、春を貪れ。_02.cbz,青年少女よ、春を貪れ。,kindle,2022/05/02
ワンダーラビットガール 1,廣瀬ゆい_ワンダーラビットガール_01.cbz,ワンダーラビットガール,kindle,2022/01/25
いちご100％ 1,河下水希_いちご100％_01.cbz,いちご100％,kindle,2022/01/27
いちご100％ 2,河下水希_いちご100％_02.cbz,いちご100％,kindle,2022/01/27
いちご100％ 3,河下水希_いちご100％_03.cbz,いちご100％,kindle,2022/04/12
オトメの帝国 1,岸虎次郎_オトメの帝国_01.cbz,オトメの帝国,kindle,2022/01/27
オトメの帝国 2,岸虎次郎_オトメの帝国_02.cbz,オトメの帝国,kindle,2022/01/27
オトメの帝国 3,岸虎次郎_オトメの帝国_03.cbz,オトメの帝国,kindle,2022/01/27
オトメの帝国 4,岸虎次郎_オトメの帝国_04.cbz,オトメの帝国,kindle,2022/01/27
オトメの帝国 5,岸虎次郎_オトメの帝国_05.cbz,オトメの帝国,kindle,2022/01/27
キラリティー 1,うるし原智志_キラリティー_01.cbz,キラリティー,kindle,2022/02/17
キラリティー 2,うるし原智志_キラリティー_02.cbz,キラリティー,kindle,2022/02/17
キラリティー 3,うるし原智志_キラリティー_03.cbz,キラリティー,kindle,2022/02/17
インゴシマ セミカラー版 1,田中克樹_インゴシマ_01s.cbz,インゴシマ,kindle,2022/02/17
インゴシマ セミカラー版 2,田中克樹_インゴシマ_02s.cbz,インゴシマ,dmm,2022/02/17
インゴシマ セミカラー版 3,田中克樹_インゴシマ_03s.cbz,インゴシマ,dmm,2022/02/17
冒険家になろう！ 1,栗山廉士_冒険家になろう！_01.cbz,冒険家になろう！,dmm,2022/02/17
冒険家になろう！ 2,栗山廉士_冒険家になろう！_02.cbz,冒険家になろう！,dmm,2022/02/17
ハイキュー!! 1,古舘春一_ハイキュー!!_01.cbz,ハイキュー!!,dmm,2022/02/17
ハイキュー!! 2,古舘春一_ハイキュー!!_02.cbz,ハイキュー!!,dmm,2022/02/17
ハイキュー!! 3,古舘春一_ハイキュー!!_03.cbz,ハイキュー!!,dmm,2022/02/17
戦隊大失格 1,春場ねぎ_戦隊大失格_01.cbz,戦隊大失格,dmm,2022/02/18
すばらしき新世界（フルカラー）【特装版】 1,Yoongonji_すばらしき新世界_01ct.cbz,すばらしき新世界,dmm,2022/02/18
すばらしき新世界（フルカラー）【特装版】 2,Yoongonji_すばらしき新世界_02ct.cbz,すばらしき新世界,dmm,2022/05/19
不良退魔師レイナ 1,OTOSAMA_不良退魔師レイナ_01.cbz,不良退魔師レイナ,dmm,2022/02/25
不良退魔師レイナ 2,OTOSAMA_不良退魔師レイナ_02.cbz,不良退魔師レイナ,dmm,2022/02/25
瞬きより迅く!! 1,ふなつかずき_瞬きより迅く!!_01.cbz,瞬きより迅く!!,kindle,2022/02/25
瞬きより迅く!! 2,ふなつかずき_瞬きより迅く!!_02.cbz,瞬きより迅く!!,kindle,2022/02/25
カッコウの許嫁 1,吉河美希_カッコウの許嫁_01.cbz,カッコウの許嫁,dmm,2022/03/17
カッコウの許嫁 2,吉河美希_カッコウの許嫁_02.cbz,カッコウの許嫁,dmm,2022/05/19
カッコウの許嫁 3,吉河美希_カッコウの許嫁_03.cbz,カッコウの許嫁,dmm,2022/05/19
カッコウの許嫁 4,吉河美希_カッコウの許嫁_04.cbz,カッコウの許嫁,dmm,2022/05/19
カッコウの許嫁 5,吉河美希_カッコウの許嫁_05.cbz,カッコウの許嫁,dmm,2022/05/19
ディスローン 1,田代琢也_ディスローン_01.cbz,ディスローン,dmm,2022/03/17
ディスローン 2,田代琢也_ディスローン_02.cbz,ディスローン,dmm,2022/03/17
ディスローン 3,田代琢也_ディスローン_03.cbz,ディスローン,dmm,2022/03/17
ランウェイで笑って 1,猪ノ谷言葉_ランウェイで笑って_01.cbz,ランウェイで笑って,dmm,2022/03/17
ランウェイで笑って 2,猪ノ谷言葉_ランウェイで笑って_02.cbz,ランウェイで笑って,dmm,2022/03/17
ランウェイで笑って 3,猪ノ谷言葉_ランウェイで笑って_03.cbz,ランウェイで笑って,dmm,2022/03/17
ハンツーxトラッシュ とってもエッチな読み切り集,こばやしひよこ_ハンツーxトラッシュ-とってもエッチな読み切り集.cbz,ハンツーxトラッシュ,kindle,2022/03/17
ワンダンス 1,珈琲_ワンダンス_01.cbz,ワンダンス,kindle,2022/03/18
ワンダンス 2,珈琲_ワンダンス_02.cbz,ワンダンス,kindle,2022/03/18
紛争でしたら八田まで 1,田素弘_紛争でしたら八田まで_01.cbz,紛争でしたら八田まで,dmm,2022/03/29
紛争でしたら八田まで 2,田素弘_紛争でしたら八田まで_02.cbz,紛争でしたら八田まで,dmm,2022/03/29
ハコヅメ 1,泰三子_ハコヅメ_01.cbz,ハコヅメ,dmm,2022/03/31
ハコヅメ 2,泰三子_ハコヅメ_02.cbz,ハコヅメ,dmm,2022/03/31
ハコヅメ 3,泰三子_ハコヅメ_03.cbz,ハコヅメ,dmm,2022/03/31
犬になったら好きな人に拾われた。 1,古川五勢_犬になったら好きな人に拾われた。_01.cbz,犬になったら好きな人に拾われた。,dmm,2022/03/31
COPPELION 超合本版 1,井上智徳_COPPELION-超合本版_01.cbz,COPPELION-超合本版,kindle,2022/04/07
エロスの種子 1,もんでんあきこ_エロスの種子_01.cbz,エロスの種子,kindle,2022/04/07
エロスの種子 2,もんでんあきこ_エロスの種子_02.cbz,エロスの種子,kindle,2022/04/07
塩対応の佐藤さんが俺にだけ甘い@comic 1,鉄山かや_塩対応の佐藤さんが俺にだけ甘い_01.cbz,塩対応の佐藤さんが俺にだけ甘い,dmm,2022/04/07
血界戦線 1,内藤泰弘_血界戦線_01.cbz,血界戦線,kindle,2022/04/08
血界戦線 2,内藤泰弘_血界戦線_02.cbz,血界戦線,kindle,2022/04/08
血界戦線 3,内藤泰弘_血界戦線_03.cbz,血界戦線,kindle,2022/04/08
血界戦線 4,内藤泰弘_血界戦線_04.cbz,血界戦線,kindle,2022/04/08
血界戦線 5,内藤泰弘_血界戦線_05.cbz,血界戦線,kindle,2022/04/08
血界戦線 6,内藤泰弘_血界戦線_06.cbz,血界戦線,kindle,2022/04/12
血界戦線 7,内藤泰弘_血界戦線_07.cbz,血界戦線,kindle,2022/04/12
血界戦線 8,内藤泰弘_血界戦線_08.cbz,血界戦線,kindle,2022/04/12
血界戦線 9,内藤泰弘_血界戦線_09.cbz,血界戦線,kindle,2022/04/12
血界戦線 10,内藤泰弘_血界戦線_10.cbz,血界戦線,kindle,2022/04/12
血界戦線 Back 2 Back 1,内藤泰弘_血界戦線-Back-2-Back_01.cbz,血界戦線-Back-2-Back,kindle,2022/04/26
血界戦線 Back 2 Back 2,内藤泰弘_血界戦線-Back-2-Back_02.cbz,血界戦線-Back-2-Back,kindle,2022/04/26
血界戦線 Back 2 Back 3,内藤泰弘_血界戦線-Back-2-Back_03.cbz,血界戦線-Back-2-Back,kindle,2022/04/26
血界戦線 Back 2 Back 4,内藤泰弘_血界戦線-Back-2-Back_04.cbz,血界戦線-Back-2-Back,kindle,2022/04/26
血界戦線 Back 2 Back 5,内藤泰弘_血界戦線-Back-2-Back_05.cbz,血界戦線-Back-2-Back,kindle,2022/04/26
血界戦線 Back 2 Back 6,内藤泰弘_血界戦線-Back-2-Back_06.cbz,血界戦線-Back-2-Back,kindle,2022/04/26
血界戦線 Back 2 Back 7,内藤泰弘_血界戦線-Back-2-Back_07.cbz,血界戦線-Back-2-Back,kindle,2022/04/26
To LOVEる カラー版 1,矢吹健太朗_To-LOVEる_01c.cbz,To-LOVEる,kindle,2022/04/15
To LOVEる カラー版 2,矢吹健太朗_To-LOVEる_02c.cbz,To-LOVEる,kindle,2022/04/15
To LOVEる カラー版 3,矢吹健太朗_To-LOVEる_03c.cbz,To-LOVEる,kindle,2022/04/15
To LOVEる ダークネス カラー版 1,矢吹健太朗_To-LOVEる-ダークネス_01c.cbz,To-LOVEる-ダークネス,kindle,2022/04/15
To LOVEる ダークネス カラー版 2,矢吹健太朗_To-LOVEる-ダークネス_02c.cbz,To-LOVEる-ダークネス,kindle,2022/04/15
To LOVEる ダークネス カラー版 3,矢吹健太朗_To-LOVEる-ダークネス_03c.cbz,To-LOVEる-ダークネス,kindle,2022/04/15
ソウナンですか？ 1,さがら梨々_ソウナンですか？_01.cbz,ソウナンですか？,dmm,2022/04/15
ソウナンですか？ 2,さがら梨々_ソウナンですか？_02.cbz,ソウナンですか？,dmm,2022/04/15
ソウナンですか？ 3,さがら梨々_ソウナンですか？_03.cbz,ソウナンですか？,dmm,2022/04/15
氷菓 1,タスクオーナ_氷菓_01.cbz,氷菓,kindle,2022/04/15
氷菓 2,タスクオーナ_氷菓_02.cbz,氷菓,kindle,2022/04/15
氷菓 3,タスクオーナ_氷菓_03.cbz,氷菓,kindle,2022/04/15
氷菓 4,タスクオーナ_氷菓_04.cbz,氷菓,kindle,2022/04/15
氷菓 5,タスクオーナ_氷菓_05.cbz,氷菓,kindle,2022/04/15
氷菓 6,タスクオーナ_氷菓_06.cbz,氷菓,kindle,2022/04/22
Fate/stay night [Heaven's Feel] 1,タスクオーナ_Fate-stay-night-Heaven-s-Feel_09.cbz,Fate-stay-night-Heaven-s-Feel,dmm,2022/04/26
早乙女姉妹は漫画のためなら！？ 1,山本亮平_早乙女姉妹は漫画のためなら！？_01.cbz,早乙女姉妹は漫画のためなら！？,kindle,2022/04/26
早乙女姉妹は漫画のためなら！？ 2,山本亮平_早乙女姉妹は漫画のためなら！？_02.cbz,早乙女姉妹は漫画のためなら！？,kindle,2022/04/26
小悪魔教師サイコ 1,合田蛍冬_小悪魔教師サイコ_01.cbz,小悪魔教師サイコ,kindle,2022/04/26
月曜日のたわわ 1,比村奇石_月曜日のたわわ_01.cbz,月曜日のたわわ,dmm,2022/04/26
わざと見せてる？ 加茂井さん。 1,エム。_わざと見せてる？-加茂井さん。_01.cbz,わざと見せてる？-加茂井さん。,kindle,2022/04/26
わざと見せてる？ 加茂井さん。 2,エム。_わざと見せてる？-加茂井さん。_02.cbz,わざと見せてる？-加茂井さん。,kindle,2022/04/26
リビドーズ 1,笠原真樹_リビドーズ_01.cbz,リビドーズ,kindle,2022/04/26
リビドーズ 2,笠原真樹_リビドーズ_02.cbz,リビドーズ,kindle,2022/04/26
史上最強の魔法剣士、Fランク冒険者に転生する 1,柑橘ゆすら_史上最強の魔法剣士、Fランク冒険者に転生する_01.cbz,史上最強の魔法剣士、Fランク冒険者に転生する,kindle,2022/04/26
史上最強の魔法剣士、Fランク冒険者に転生する 2,柑橘ゆすら_史上最強の魔法剣士、Fランク冒険者に転生する_02.cbz,史上最強の魔法剣士、Fランク冒険者に転生する,kindle,2022/04/26
ダーウィン事変 1,うめざわしゅん_ダーウィン事変_01.cbz,ダーウィン事変,dmm,2022/05/02
痴漢されそうになっているS級美少女を助けたら隣の席の幼馴染だった 1,松浦はこ_痴漢されそうになっているS級美少女を助けたら隣の席の幼馴染だった_01.cbz,痴漢されそうになっているS級美少女を助けたら隣の席の幼馴染だった,dmm,2022/05/10
島崎奈々＠お仕事募集中 1,あきばるいき_島崎奈々＠お仕事募集中_01.cbz,島崎奈々＠お仕事募集中,kindle,2022/05/13
島崎奈々＠お仕事募集中 2,あきばるいき_島崎奈々＠お仕事募集中_02.cbz,島崎奈々＠お仕事募集中,kindle,2022/05/13
島崎奈々＠お仕事募集中 3,あきばるいき_島崎奈々＠お仕事募集中_03.cbz,島崎奈々＠お仕事募集中,kindle,2022/05/13
ダイロクセンス 1,長門知大_ダイロクセンス_01.cbz,ダイロクセンス,kindle,2022/05/13
約束のネバーランド 1,出水ぽすか_約束のネバーランド_01.cbz,約束のネバーランド,dmm,2022/05/16
約束のネバーランド 2,出水ぽすか_約束のネバーランド_02.cbz,約束のネバーランド,dmm,2022/05/16
約束のネバーランド 3,出水ぽすか_約束のネバーランド_03.cbz,約束のネバーランド,dmm,2022/05/16
かつて神だった獣たちへ 1,めいびい_かつて神だった獣たちへ_01.cbz,かつて神だった獣たちへ,dmm,2022/05/19
かつて神だった獣たちへ 2,めいびい_かつて神だった獣たちへ_02.cbz,かつて神だった獣たちへ,dmm,2022/05/19
かつて神だった獣たちへ 3,めいびい_かつて神だった獣たちへ_03.cbz,かつて神だった獣たちへ,dmm,2022/05/19
セブンシスターズ 1,藤岡とき_セブンシスターズ_01.cbz,セブンシスターズ,dmm,2022/05/19
虚構推理 1,片瀬茶柴_虚構推理_01.cbz,虚構推理,dmm,2022/05/19
虚構推理 2,片瀬茶柴_虚構推理_02.cbz,虚構推理,dmm,2022/05/19
ブラッククローバー 1,田畠裕基_ブラッククローバー_01.cbz,ブラッククローバー,kindle,2022/05/24
ブラッククローバー 2,田畠裕基_ブラッククローバー_02.cbz,ブラッククローバー,kindle,2022/05/24
ブラッククローバー 3,田畠裕基_ブラッククローバー_03.cbz,ブラッククローバー,kindle,2022/05/24
ブラッククローバー 4,田畠裕基_ブラッククローバー_04.cbz,ブラッククローバー,kindle,2022/05/24
ブラッククローバー 5,田畠裕基_ブラッククローバー_05.cbz,ブラッククローバー,kindle,2022/05/24
ブラッククローバー 6,田畠裕基_ブラッククローバー_06.cbz,ブラッククローバー,kindle,2022/05/24
ブラッククローバー 7,田畠裕基_ブラッククローバー_07.cbz,ブラッククローバー,kindle,2022/05/24
ブラッククローバー 8,田畠裕基_ブラッククローバー_08.cbz,ブラッククローバー,kindle,2022/05/24
ブラッククローバー 9,田畠裕基_ブラッククローバー_09.cbz,ブラッククローバー,kindle,2022/05/24
ブラッククローバー 10,田畠裕基_ブラッククローバー_10.cbz,ブラッククローバー,kindle,2022/05/24
ブラッククローバー 11,田畠裕基_ブラッククローバー_11.cbz,ブラッククローバー,kindle,2022/05/24
ブラッククローバー 12,田畠裕基_ブラッククローバー_12.cbz,ブラッククローバー,kindle,2022/05/24
ブラッククローバー 13,田畠裕基_ブラッククローバー_13.cbz,ブラッククローバー,kindle,2022/05/24
ブラッククローバー 14,田畠裕基_ブラッククローバー_14.cbz,ブラッククローバー,kindle,2022/05/24
ブラッククローバー 15,田畠裕基_ブラッククローバー_15.cbz,ブラッククローバー,kindle,2022/05/24
ブラッククローバー 16,田畠裕基_ブラッククローバー_16.cbz,ブラッククローバー,kindle,2022/05/24
ブラッククローバー 17,田畠裕基_ブラッククローバー_17.cbz,ブラッククローバー,kindle,2022/05/24
ブラッククローバー 18,田畠裕基_ブラッククローバー_18.cbz,ブラッククローバー,kindle,2022/05/24
ブラッククローバー 19,田畠裕基_ブラッククローバー_19.cbz,ブラッククローバー,kindle,2022/05/24
ブラッククローバー 20,田畠裕基_ブラッククローバー_20.cbz,ブラッククローバー,kindle,2022/05/24
ブラッククローバー 21,田畠裕基_ブラッククローバー_21.cbz,ブラッククローバー,kindle,2022/05/24
ブラッククローバー 22,田畠裕基_ブラッククローバー_22.cbz,ブラッククローバー,kindle,2022/05/24
ブラッククローバー 23,田畠裕基_ブラッククローバー_23.cbz,ブラッククローバー,kindle,2022/05/24
ブラッククローバー 24,田畠裕基_ブラッククローバー_24.cbz,ブラッククローバー,kindle,2022/05/24
ブラッククローバー 25,田畠裕基_ブラッククローバー_25.cbz,ブラッククローバー,kindle,2022/05/24
ブラッククローバー 26,田畠裕基_ブラッククローバー_26.cbz,ブラッククローバー,kindle,2022/05/24
ハレ婚。 超合本版 1,NON_ハレ婚。-超合本版_1.cbz,ハレ婚。,kindle,2022/05/24
戸石城炎情,大杉ゆきひろ_戸石城炎情.cbz,大杉ゆきひろ,kindle,2022/05/24
恋するサキュバスのイケない事情 1,リーフィ_恋するサキュバスのイケない事情_01.cbz,恋するサキュバスのイケない事情,kindle,2022/05/24
あやめ先輩は僕とヒミツの契約を 1,蛇足せんたろう_あやめ先輩は僕とヒミツの契約を_01.cbz,あやめ先輩は僕とヒミツの契約を,kindle,2022/05/24
